-- phpMyAdmin SQL Dump
-- version 4.8.5
-- https://www.phpmyadmin.net/
--
-- 主机： localhost
-- 生成日期： 2025-04-11 16:56:07
-- 服务器版本： 5.7.26
-- PHP 版本： 7.3.4

SET SQL_MODE = "NO_AUTO_VALUE_ON_ZERO";
SET AUTOCOMMIT = 0;
START TRANSACTION;
SET time_zone = "+00:00";


/*!40101 SET @OLD_CHARACTER_SET_CLIENT=@@CHARACTER_SET_CLIENT */;
/*!40101 SET @OLD_CHARACTER_SET_RESULTS=@@CHARACTER_SET_RESULTS */;
/*!40101 SET @OLD_COLLATION_CONNECTION=@@COLLATION_CONNECTION */;
/*!40101 SET NAMES utf8mb4 */;


--
-- 数据库： `newdatabase`
--

-- --------------------------------------------------------

--
-- 表的结构 `city`
--

CREATE TABLE `city` (
  `id` int(11) NOT NULL,
  `city_name` varchar(255) COLLATE utf8_unicode_ci DEFAULT NULL COMMENT '城市名称',
  `adcode` int(11) DEFAULT NULL COMMENT '城市编码（前4位为市编码，如110100）',
  `province_id` int(11) DEFAULT NULL COMMENT '关联省表ID',
  `children_has_children` int(11) NOT NULL DEFAULT '0'
) ENGINE=MyISAM DEFAULT CHARSET=utf8 COLLATE=utf8_unicode_ci;

--
-- 转存表中的数据 `city`
--

INSERT INTO `city` (`id`, `city_name`, `adcode`, `province_id`, `children_has_children`) VALUES
(1, '北京市市辖区', 110100, 1, 0),
(2, '天津市市辖区', 120100, 2, 0),
(3, '石家庄市', 130100, 3, 0),
(4, '唐山市', 130200, 3, 0),
(5, '秦皇岛市', 130300, 3, 0),
(6, '邯郸市', 130400, 3, 0),
(7, '邢台市', 130500, 3, 0),
(8, '保定市', 130600, 3, 0),
(9, '张家口市', 130700, 3, 0),
(10, '承德市', 130800, 3, 0),
(11, '沧州市', 130900, 3, 0),
(12, '廊坊市', 131000, 3, 0),
(13, '衡水市', 131100, 3, 0),
(14, '太原市', 140100, 4, 0),
(15, '大同市', 140200, 4, 0),
(16, '阳泉市', 140300, 4, 0),
(17, '长治市', 140400, 4, 0),
(18, '晋城市', 140500, 4, 0),
(19, '朔州市', 140600, 4, 0),
(20, '晋中市', 140700, 4, 0),
(21, '运城市', 140800, 4, 0),
(22, '忻州市', 140900, 4, 0),
(23, '临汾市', 141000, 4, 0),
(24, '吕梁市', 141100, 4, 0),
(25, '呼和浩特市', 150100, 5, 0),
(26, '包头市', 150200, 5, 0),
(27, '乌海市', 150300, 5, 0),
(28, '赤峰市', 150400, 5, 0),
(29, '通辽市', 150500, 5, 0),
(30, '鄂尔多斯市', 150600, 5, 0),
(31, '呼伦贝尔市', 150700, 5, 0),
(32, '巴彦淖尔市', 150800, 5, 0),
(33, '乌兰察布市', 150900, 5, 0),
(34, '兴安盟', 152200, 5, 0),
(35, '锡林郭勒盟', 152500, 5, 0),
(36, '阿拉善盟', 152900, 5, 0),
(37, '沈阳市', 210100, 6, 0),
(38, '大连市', 210200, 6, 0),
(39, '鞍山市', 210300, 6, 0),
(40, '抚顺市', 210400, 6, 0),
(41, '本溪市', 210500, 6, 0),
(42, '丹东市', 210600, 6, 0),
(43, '锦州市', 210700, 6, 0),
(44, '营口市', 210800, 6, 0),
(45, '阜新市', 210900, 6, 0),
(46, '辽阳市', 211000, 6, 0),
(47, '盘锦市', 211100, 6, 0),
(48, '铁岭市', 211200, 6, 0),
(49, '朝阳市', 211300, 6, 0),
(50, '葫芦岛市', 211400, 6, 0),
(51, '长春市', 220100, 7, 0),
(52, '吉林市', 220200, 7, 0),
(53, '四平市', 220300, 7, 0),
(54, '辽源市', 220400, 7, 0),
(55, '通化市', 220500, 7, 0),
(56, '白山市', 220600, 7, 0),
(57, '松原市', 220700, 7, 0),
(58, '白城市', 220800, 7, 0),
(59, '延边朝鲜族自治州', 222400, 7, 0),
(60, '哈尔滨市', 230100, 8, 0),
(61, '齐齐哈尔市', 230200, 8, 0),
(62, '鸡西市', 230300, 8, 0),
(63, '鹤岗市', 230400, 8, 0),
(64, '双鸭山市', 230500, 8, 0),
(65, '大庆市', 230600, 8, 0),
(66, '伊春市', 230700, 8, 0),
(67, '佳木斯市', 230800, 8, 0),
(68, '七台河市', 230900, 8, 0),
(69, '牡丹江市', 231000, 8, 0),
(70, '黑河市', 231100, 8, 0),
(71, '绥化市', 231200, 8, 0),
(72, '大兴安岭地区', 232700, 8, 0),
(73, '上海市市辖区', 310100, 9, 0),
(74, '南京市', 320100, 10, 0),
(75, '无锡市', 320200, 10, 0),
(76, '徐州市', 320300, 10, 0),
(77, '常州市', 320400, 10, 0),
(78, '苏州市', 320500, 10, 0),
(79, '南通市', 320600, 10, 0),
(80, '连云港市', 320700, 10, 0),
(81, '淮安市', 320800, 10, 0),
(82, '盐城市', 320900, 10, 0),
(83, '扬州市', 321000, 10, 0),
(84, '镇江市', 321100, 10, 0),
(85, '泰州市', 321200, 10, 0),
(86, '宿迁市', 321300, 10, 0),
(87, '杭州市', 330100, 11, 0),
(88, '宁波市', 330200, 11, 0),
(89, '温州市', 330300, 11, 0),
(90, '嘉兴市', 330400, 11, 0),
(91, '湖州市', 330500, 11, 0),
(92, '绍兴市', 330600, 11, 0),
(93, '金华市', 330700, 11, 0),
(94, '衢州市', 330800, 11, 0),
(95, '舟山市', 330900, 11, 0),
(96, '台州市', 331000, 11, 0),
(97, '丽水市', 331100, 11, 0),
(98, '合肥市', 340100, 12, 0),
(99, '芜湖市', 340200, 12, 0),
(100, '蚌埠市', 340300, 12, 0),
(101, '淮南市', 340400, 12, 0),
(102, '马鞍山市', 340500, 12, 0),
(103, '淮北市', 340600, 12, 0),
(104, '铜陵市', 340700, 12, 0),
(105, '安庆市', 340800, 12, 0),
(106, '黄山市', 341000, 12, 0),
(107, '滁州市', 341100, 12, 0),
(108, '阜阳市', 341200, 12, 0),
(109, '宿州市', 341300, 12, 0),
(110, '六安市', 341500, 12, 0),
(111, '亳州市', 341600, 12, 0),
(112, '池州市', 341700, 12, 0),
(113, '宣城市', 341800, 12, 0),
(114, '福州市', 350100, 13, 0),
(115, '厦门市', 350200, 13, 0),
(116, '莆田市', 350300, 13, 0),
(117, '三明市', 350400, 13, 0),
(118, '泉州市', 350500, 13, 0),
(119, '漳州市', 350600, 13, 0),
(120, '南平市', 350700, 13, 0),
(121, '龙岩市', 350800, 13, 0),
(122, '宁德市', 350900, 13, 0),
(123, '南昌市', 360100, 14, 0),
(124, '景德镇市', 360200, 14, 0),
(125, '萍乡市', 360300, 14, 0),
(126, '九江市', 360400, 14, 0),
(127, '新余市', 360500, 14, 0),
(128, '鹰潭市', 360600, 14, 0),
(129, '赣州市', 360700, 14, 0),
(130, '吉安市', 360800, 14, 0),
(131, '宜春市', 360900, 14, 0),
(132, '抚州市', 361000, 14, 0),
(133, '上饶市', 361100, 14, 0),
(134, '济南市', 370100, 15, 0),
(135, '青岛市', 370200, 15, 0),
(136, '淄博市', 370300, 15, 0),
(137, '枣庄市', 370400, 15, 0),
(138, '东营市', 370500, 15, 0),
(139, '烟台市', 370600, 15, 0),
(140, '潍坊市', 370700, 15, 0),
(141, '济宁市', 370800, 15, 0),
(142, '泰安市', 370900, 15, 0),
(143, '威海市', 371000, 15, 0),
(144, '日照市', 371100, 15, 0),
(145, '临沂市', 371300, 15, 0),
(146, '德州市', 371400, 15, 0),
(147, '聊城市', 371500, 15, 0),
(148, '滨州市', 371600, 15, 0),
(149, '菏泽市', 371700, 15, 0),
(150, '郑州市', 410100, 16, 0),
(151, '开封市', 410200, 16, 0),
(152, '洛阳市', 410300, 16, 0),
(153, '平顶山市', 410400, 16, 0),
(154, '安阳市', 410500, 16, 0),
(155, '鹤壁市', 410600, 16, 0),
(156, '新乡市', 410700, 16, 0),
(157, '焦作市', 410800, 16, 0),
(158, '濮阳市', 410900, 16, 0),
(159, '许昌市', 411000, 16, 0),
(160, '漯河市', 411100, 16, 0),
(161, '三门峡市', 411200, 16, 0),
(162, '南阳市', 411300, 16, 0),
(163, '商丘市', 411400, 16, 0),
(164, '信阳市', 411500, 16, 0),
(165, '周口市', 411600, 16, 0),
(166, '驻马店市', 411700, 16, 0),
(167, '武汉市', 420100, 17, 0),
(168, '黄石市', 420200, 17, 0),
(169, '十堰市', 420300, 17, 0),
(170, '宜昌市', 420500, 17, 0),
(171, '襄阳市', 420600, 17, 0),
(172, '鄂州市', 420700, 17, 0),
(173, '荆门市', 420800, 17, 0),
(174, '孝感市', 420900, 17, 0),
(175, '荆州市', 421000, 17, 0),
(176, '黄冈市', 421100, 17, 0),
(177, '咸宁市', 421200, 17, 0),
(178, '随州市', 421300, 17, 0),
(179, '恩施土家族苗族自治州', 422800, 17, 0),
(180, '长沙市', 430100, 18, 0),
(181, '株洲市', 430200, 18, 0),
(182, '湘潭市', 430300, 18, 0),
(183, '衡阳市', 430400, 18, 0),
(184, '邵阳市', 430500, 18, 0),
(185, '岳阳市', 430600, 18, 0),
(186, '常德市', 430700, 18, 0),
(187, '张家界市', 430800, 18, 0),
(188, '益阳市', 430900, 18, 0),
(189, '郴州市', 431000, 18, 0),
(190, '永州市', 431100, 18, 0),
(191, '怀化市', 431200, 18, 0),
(192, '娄底市', 431300, 18, 0),
(193, '湘西土家族苗族自治州', 433100, 18, 0),
(194, '广州市', 440100, 19, 0),
(195, '韶关市', 440200, 19, 0),
(196, '深圳市', 440300, 19, 0),
(197, '珠海市', 440400, 19, 0),
(198, '汕头市', 440500, 19, 0),
(199, '佛山市', 440600, 19, 0),
(200, '江门市', 440700, 19, 0),
(201, '湛江市', 440800, 19, 0),
(202, '茂名市', 440900, 19, 0),
(203, '肇庆市', 441200, 19, 0),
(204, '惠州市', 441300, 19, 0),
(205, '梅州市', 441400, 19, 0),
(206, '汕尾市', 441500, 19, 0),
(207, '河源市', 441600, 19, 0),
(208, '阳江市', 441700, 19, 0),
(209, '清远市', 441800, 19, 0),
(210, '东莞市', 441900, 19, 0),
(211, '中山市', 442000, 19, 0),
(212, '潮州市', 445100, 19, 0),
(213, '揭阳市', 445200, 19, 0),
(214, '云浮市', 445300, 19, 0),
(215, '南宁市', 450100, 20, 0),
(216, '柳州市', 450200, 20, 0),
(217, '桂林市', 450300, 20, 0),
(218, '梧州市', 450400, 20, 0),
(219, '北海市', 450500, 20, 0),
(220, '防城港市', 450600, 20, 0),
(221, '钦州市', 450700, 20, 0),
(222, '贵港市', 450800, 20, 0),
(223, '玉林市', 450900, 20, 0),
(224, '百色市', 451000, 20, 0),
(225, '贺州市', 451100, 20, 0),
(226, '河池市', 451200, 20, 0),
(227, '来宾市', 451300, 20, 0),
(228, '崇左市', 451400, 20, 0),
(229, '海口市', 460100, 21, 0),
(230, '三亚市', 460200, 21, 0),
(231, '三沙市', 460300, 21, 0),
(232, '儋州市', 460400, 21, 0),
(233, '重庆市市辖区', 500100, 22, 0),
(234, '重庆市郊县', 500200, 22, 0),
(235, '成都市', 510100, 23, 0),
(236, '自贡市', 510300, 23, 0),
(237, '攀枝花市', 510400, 23, 0),
(238, '泸州市', 510500, 23, 0),
(239, '德阳市', 510600, 23, 0),
(240, '绵阳市', 510700, 23, 0),
(241, '广元市', 510800, 23, 0),
(242, '遂宁市', 510900, 23, 0),
(243, '内江市', 511000, 23, 0),
(244, '乐山市', 511100, 23, 0),
(245, '南充市', 511300, 23, 0),
(246, '眉山市', 511400, 23, 0),
(247, '宜宾市', 511500, 23, 0),
(248, '广安市', 511600, 23, 0),
(249, '达州市', 511700, 23, 0),
(250, '雅安市', 511800, 23, 0),
(251, '巴中市', 511900, 23, 0),
(252, '资阳市', 512000, 23, 0),
(253, '阿坝藏族羌族自治州', 513200, 23, 0),
(254, '甘孜藏族自治州', 513300, 23, 0),
(255, '凉山彝族自治州', 513400, 23, 0),
(256, '贵阳市', 520100, 24, 0),
(257, '六盘水市', 520200, 24, 0),
(258, '遵义市', 520300, 24, 0),
(259, '安顺市', 520400, 24, 0),
(260, '毕节市', 520500, 24, 0),
(261, '铜仁市', 520600, 24, 0),
(262, '黔西南布依族苗族自治州', 522300, 24, 0),
(263, '黔东南苗族侗族自治州', 522600, 24, 0),
(264, '黔南布依族苗族自治州', 522700, 24, 0),
(265, '昆明市', 530100, 25, 0),
(266, '曲靖市', 530300, 25, 0),
(267, '玉溪市', 530400, 25, 0),
(268, '保山市', 530500, 25, 0),
(269, '昭通市', 530600, 25, 0),
(270, '丽江市', 530700, 25, 0),
(271, '普洱市', 530800, 25, 0),
(272, '临沧市', 530900, 25, 0),
(273, '楚雄彝族自治州', 532300, 25, 0),
(274, '红河哈尼族彝族自治州', 532500, 25, 0),
(275, '文山壮族苗族自治州', 532600, 25, 0),
(276, '西双版纳傣族自治州', 532800, 25, 0),
(277, '大理白族自治州', 532900, 25, 0),
(278, '德宏傣族景颇族自治州', 533100, 25, 0),
(279, '怒江傈僳族自治州', 533300, 25, 0),
(280, '迪庆藏族自治州', 533400, 25, 0),
(281, '拉萨市', 540100, 26, 0),
(282, '日喀则市', 540200, 26, 0),
(283, '昌都市', 540300, 26, 0),
(284, '林芝市', 540400, 26, 0),
(285, '山南市', 540500, 26, 0),
(286, '那曲市', 540600, 26, 0),
(287, '阿里地区', 542500, 26, 0),
(288, '西安市', 610100, 27, 0),
(289, '铜川市', 610200, 27, 0),
(290, '宝鸡市', 610300, 27, 0),
(291, '咸阳市', 610400, 27, 0),
(292, '渭南市', 610500, 27, 0),
(293, '延安市', 610600, 27, 0),
(294, '汉中市', 610700, 27, 0),
(295, '榆林市', 610800, 27, 0),
(296, '安康市', 610900, 27, 0),
(297, '商洛市', 611000, 27, 0),
(298, '兰州市', 620100, 28, 0),
(299, '嘉峪关市', 620200, 28, 0),
(300, '金昌市', 620300, 28, 0),
(301, '白银市', 620400, 28, 0),
(302, '天水市', 620500, 28, 0),
(303, '武威市', 620600, 28, 0),
(304, '张掖市', 620700, 28, 0),
(305, '平凉市', 620800, 28, 0),
(306, '酒泉市', 620900, 28, 0),
(307, '庆阳市', 621000, 28, 0),
(308, '定西市', 621100, 28, 0),
(309, '陇南市', 621200, 28, 0),
(310, '临夏回族自治州', 622900, 28, 0),
(311, '甘南藏族自治州', 623000, 28, 0),
(312, '西宁市', 630100, 29, 0),
(313, '海东市', 630200, 29, 0),
(314, '海北藏族自治州', 632200, 29, 0),
(315, '黄南藏族自治州', 632300, 29, 0),
(316, '海南藏族自治州', 632500, 29, 0),
(317, '果洛藏族自治州', 632600, 29, 0),
(318, '玉树藏族自治州', 632700, 29, 0),
(319, '海西蒙古族藏族自治州', 632800, 29, 0),
(320, '银川市', 640100, 30, 0),
(321, '石嘴山市', 640200, 30, 0),
(322, '吴忠市', 640300, 30, 0),
(323, '固原市', 640400, 30, 0),
(324, '中卫市', 640500, 30, 0),
(325, '乌鲁木齐市', 650100, 31, 0),
(326, '克拉玛依市', 650200, 31, 0),
(327, '吐鲁番市', 650400, 31, 0),
(328, '哈密市', 650500, 31, 0),
(329, '昌吉回族自治州', 652300, 31, 0),
(330, '博尔塔拉蒙古自治州', 652700, 31, 0),
(331, '巴音郭楞蒙古自治州', 652800, 31, 0),
(332, '阿克苏地区', 652900, 31, 0),
(333, '克孜勒苏柯尔克孜自治州', 653000, 31, 0),
(334, '喀什地区', 653100, 31, 0),
(335, '和田地区', 653200, 31, 0),
(336, '伊犁哈萨克自治州', 654000, 31, 0),
(337, '塔城地区', 654200, 31, 0),
(338, '阿勒泰地区', 654300, 31, 0);

-- --------------------------------------------------------

--
-- 表的结构 `district`
--

CREATE TABLE `district` (
  `id` int(11) NOT NULL,
  `district_name` varchar(255) COLLATE utf8_unicode_ci DEFAULT NULL COMMENT '区县名称',
  `adcode` int(11) DEFAULT NULL COMMENT '区县编码（如110101）',
  `city_id` int(11) DEFAULT NULL COMMENT '关联市表ID'
) ENGINE=MyISAM DEFAULT CHARSET=utf8 COLLATE=utf8_unicode_ci;

--
-- 转存表中的数据 `district`
--

INSERT INTO `district` (`id`, `district_name`, `adcode`, `city_id`) VALUES
(1, '东城区', 110101, 1),
(2, '西城区', 110102, 1),
(3, '朝阳区', 110105, 1),
(4, '丰台区', 110106, 1),
(5, '石景山区', 110107, 1),
(6, '海淀区', 110108, 1),
(7, '门头沟区', 110109, 1),
(8, '房山区', 110111, 1),
(9, '通州区', 110112, 1),
(10, '顺义区', 110113, 1),
(11, '昌平区', 110114, 1),
(12, '大兴区', 110115, 1),
(13, '怀柔区', 110116, 1),
(14, '平谷区', 110117, 1),
(15, '密云区', 110118, 1),
(16, '延庆区', 110119, 1),
(17, '和平区', 120101, 2),
(18, '河东区', 120102, 2),
(19, '河西区', 120103, 2),
(20, '南开区', 120104, 2),
(21, '河北区', 120105, 2),
(22, '红桥区', 120106, 2),
(23, '东丽区', 120110, 2),
(24, '西青区', 120111, 2),
(25, '津南区', 120112, 2),
(26, '北辰区', 120113, 2),
(27, '武清区', 120114, 2),
(28, '宝坻区', 120115, 2),
(29, '滨海新区', 120116, 2),
(30, '宁河区', 120117, 2),
(31, '静海区', 120118, 2),
(32, '蓟州区', 120119, 2),
(33, '石家庄市市辖区', 130101, 3),
(34, '长安区', 130102, 3),
(35, '桥西区', 130104, 3),
(36, '新华区', 130105, 3),
(37, '井陉矿区', 130107, 3),
(38, '裕华区', 130108, 3),
(39, '藁城区', 130109, 3),
(40, '鹿泉区', 130110, 3),
(41, '栾城区', 130111, 3),
(42, '井陉县', 130121, 3),
(43, '正定县', 130123, 3),
(44, '行唐县', 130125, 3),
(45, '灵寿县', 130126, 3),
(46, '高邑县', 130127, 3),
(47, '深泽县', 130128, 3),
(48, '赞皇县', 130129, 3),
(49, '无极县', 130130, 3),
(50, '平山县', 130131, 3),
(51, '元氏县', 130132, 3),
(52, '赵县', 130133, 3),
(53, '辛集市', 130181, 3),
(54, '晋州市', 130183, 3),
(55, '新乐市', 130184, 3),
(56, '唐山市市辖区', 130201, 4),
(57, '路南区', 130202, 4),
(58, '路北区', 130203, 4),
(59, '古冶区', 130204, 4),
(60, '开平区', 130205, 4),
(61, '丰南区', 130207, 4),
(62, '丰润区', 130208, 4),
(63, '曹妃甸区', 130209, 4),
(64, '滦州市', 130284, 4),
(65, '滦南县', 130224, 4),
(66, '乐亭县', 130225, 4),
(67, '迁西县', 130227, 4),
(68, '玉田县', 130229, 4),
(69, '遵化市', 130281, 4),
(70, '迁安市', 130283, 4),
(71, '秦皇岛市市辖区', 130301, 5),
(72, '海港区', 130302, 5),
(73, '山海关区', 130303, 5),
(74, '北戴河区', 130304, 5),
(75, '抚宁区', 130306, 5),
(76, '青龙满族自治县', 130321, 5),
(77, '昌黎县', 130322, 5),
(78, '卢龙县', 130324, 5),
(79, '邯郸市市辖区', 130401, 6),
(80, '邯山区', 130402, 6),
(81, '丛台区', 130403, 6),
(82, '复兴区', 130404, 6),
(83, '峰峰矿区', 130406, 6),
(84, '肥乡区', 130407, 6),
(85, '永年区', 130408, 6),
(86, '临漳县', 130423, 6),
(87, '成安县', 130424, 6),
(88, '大名县', 130425, 6),
(89, '涉县', 130426, 6),
(90, '磁县', 130427, 6),
(91, '邱县', 130430, 6),
(92, '鸡泽县', 130431, 6),
(93, '广平县', 130432, 6),
(94, '馆陶县', 130433, 6),
(95, '魏县', 130434, 6),
(96, '曲周县', 130435, 6),
(97, '武安市', 130481, 6),
(98, '邢台市市辖区', 130501, 7),
(99, '襄都区', 130502, 7),
(100, '信都区', 130503, 7),
(101, '临城县', 130522, 7),
(102, '内丘县', 130523, 7),
(103, '柏乡县', 130524, 7),
(104, '隆尧县', 130525, 7),
(105, '任泽区', 130505, 7),
(106, '南和区', 130506, 7),
(107, '宁晋县', 130528, 7),
(108, '巨鹿县', 130529, 7),
(109, '新河县', 130530, 7),
(110, '广宗县', 130531, 7),
(111, '平乡县', 130532, 7),
(112, '威县', 130533, 7),
(113, '清河县', 130534, 7),
(114, '临西县', 130535, 7),
(115, '南宫市', 130581, 7),
(116, '沙河市', 130582, 7),
(117, '保定市市辖区', 130601, 8),
(118, '竞秀区', 130602, 8),
(119, '莲池区', 130606, 8),
(120, '满城区', 130607, 8),
(121, '清苑区', 130608, 8),
(122, '徐水区', 130609, 8),
(123, '涞水县', 130623, 8),
(124, '阜平县', 130624, 8),
(125, '定兴县', 130626, 8),
(126, '唐县', 130627, 8),
(127, '高阳县', 130628, 8),
(128, '容城县', 130629, 8),
(129, '涞源县', 130630, 8),
(130, '望都县', 130631, 8),
(131, '安新县', 130632, 8),
(132, '易县', 130633, 8),
(133, '曲阳县', 130634, 8),
(134, '蠡县', 130635, 8),
(135, '顺平县', 130636, 8),
(136, '博野县', 130637, 8),
(137, '雄县', 130638, 8),
(138, '涿州市', 130681, 8),
(139, '定州市', 130682, 8),
(140, '安国市', 130683, 8),
(141, '高碑店市', 130684, 8),
(142, '张家口市市辖区', 130701, 9),
(143, '桥东区', 130702, 9),
(144, '桥西区', 130703, 9),
(145, '宣化区', 130705, 9),
(146, '下花园区', 130706, 9),
(147, '万全区', 130708, 9),
(148, '崇礼区', 130709, 9),
(149, '张北县', 130722, 9),
(150, '康保县', 130723, 9),
(151, '沽源县', 130724, 9),
(152, '尚义县', 130725, 9),
(153, '蔚县', 130726, 9),
(154, '阳原县', 130727, 9),
(155, '怀安县', 130728, 9),
(156, '怀来县', 130730, 9),
(157, '涿鹿县', 130731, 9),
(158, '赤城县', 130732, 9),
(159, '承德市市辖区', 130801, 10),
(160, '双桥区', 130802, 10),
(161, '双滦区', 130803, 10),
(162, '鹰手营子矿区', 130804, 10),
(163, '承德县', 130821, 10),
(164, '兴隆县', 130822, 10),
(165, '滦平县', 130824, 10),
(166, '隆化县', 130825, 10),
(167, '丰宁满族自治县', 130826, 10),
(168, '宽城满族自治县', 130827, 10),
(169, '围场满族蒙古族自治县', 130828, 10),
(170, '平泉市', 130881, 10),
(171, '沧州市市辖区', 130901, 11),
(172, '新华区', 130902, 11),
(173, '运河区', 130903, 11),
(174, '沧县', 130921, 11),
(175, '青县', 130922, 11),
(176, '东光县', 130923, 11),
(177, '海兴县', 130924, 11),
(178, '盐山县', 130925, 11),
(179, '肃宁县', 130926, 11),
(180, '南皮县', 130927, 11),
(181, '吴桥县', 130928, 11),
(182, '献县', 130929, 11),
(183, '孟村回族自治县', 130930, 11),
(184, '泊头市', 130981, 11),
(185, '任丘市', 130982, 11),
(186, '黄骅市', 130983, 11),
(187, '河间市', 130984, 11),
(188, '廊坊市市辖区', 131001, 12),
(189, '安次区', 131002, 12),
(190, '广阳区', 131003, 12),
(191, '固安县', 131022, 12),
(192, '永清县', 131023, 12),
(193, '香河县', 131024, 12),
(194, '大城县', 131025, 12),
(195, '文安县', 131026, 12),
(196, '大厂回族自治县', 131028, 12),
(197, '霸州市', 131081, 12),
(198, '三河市', 131082, 12),
(199, '衡水市市辖区', 131101, 13),
(200, '桃城区', 131102, 13),
(201, '冀州区', 131103, 13),
(202, '枣强县', 131121, 13),
(203, '武邑县', 131122, 13),
(204, '武强县', 131123, 13),
(205, '饶阳县', 131124, 13),
(206, '安平县', 131125, 13),
(207, '故城县', 131126, 13),
(208, '景县', 131127, 13),
(209, '阜城县', 131128, 13),
(210, '深州市', 131182, 13),
(211, '太原市市辖区', 140101, 14),
(212, '小店区', 140105, 14),
(213, '迎泽区', 140106, 14),
(214, '杏花岭区', 140107, 14),
(215, '尖草坪区', 140108, 14),
(216, '万柏林区', 140109, 14),
(217, '晋源区', 140110, 14),
(218, '清徐县', 140121, 14),
(219, '阳曲县', 140122, 14),
(220, '娄烦县', 140123, 14),
(221, '古交市', 140181, 14),
(222, '大同市市辖区', 140201, 15),
(223, '平城区', 140213, 15),
(224, '云冈区', 140214, 15),
(225, '新荣区', 140212, 15),
(226, '阳高县', 140221, 15),
(227, '天镇县', 140222, 15),
(228, '广灵县', 140223, 15),
(229, '灵丘县', 140224, 15),
(230, '浑源县', 140225, 15),
(231, '左云县', 140226, 15),
(232, '云州区', 140215, 15),
(233, '阳泉市市辖区', 140301, 16),
(234, '城区', 140302, 16),
(235, '矿区', 140303, 16),
(236, '郊区', 140311, 16),
(237, '平定县', 140321, 16),
(238, '盂县', 140322, 16),
(239, '长治市市辖区', 140401, 17),
(240, '潞州区', 140403, 17),
(241, '上党区', 140404, 17),
(242, '襄垣县', 140423, 17),
(243, '屯留区', 140405, 17),
(244, '平顺县', 140425, 17),
(245, '黎城县', 140426, 17),
(246, '壶关县', 140427, 17),
(247, '长子县', 140428, 17),
(248, '武乡县', 140429, 17),
(249, '沁县', 140430, 17),
(250, '沁源县', 140431, 17),
(251, '潞城区', 140406, 17),
(252, '晋城市市辖区', 140501, 18),
(253, '城区', 140502, 18),
(254, '沁水县', 140521, 18),
(255, '阳城县', 140522, 18),
(256, '陵川县', 140524, 18),
(257, '泽州县', 140525, 18),
(258, '高平市', 140581, 18),
(259, '朔州市市辖区', 140601, 19),
(260, '朔城区', 140602, 19),
(261, '平鲁区', 140603, 19),
(262, '山阴县', 140621, 19),
(263, '应县', 140622, 19),
(264, '右玉县', 140623, 19),
(265, '怀仁市', 140681, 19),
(266, '晋中市市辖区', 140701, 20),
(267, '榆次区', 140702, 20),
(268, '榆社县', 140721, 20),
(269, '左权县', 140722, 20),
(270, '和顺县', 140723, 20),
(271, '昔阳县', 140724, 20),
(272, '寿阳县', 140725, 20),
(273, '太谷区', 140703, 20),
(274, '祁县', 140727, 20),
(275, '平遥县', 140728, 20),
(276, '灵石县', 140729, 20),
(277, '介休市', 140781, 20),
(278, '运城市市辖区', 140801, 21),
(279, '盐湖区', 140802, 21),
(280, '临猗县', 140821, 21),
(281, '万荣县', 140822, 21),
(282, '闻喜县', 140823, 21),
(283, '稷山县', 140824, 21),
(284, '新绛县', 140825, 21),
(285, '绛县', 140826, 21),
(286, '垣曲县', 140827, 21),
(287, '夏县', 140828, 21),
(288, '平陆县', 140829, 21),
(289, '芮城县', 140830, 21),
(290, '永济市', 140881, 21),
(291, '河津市', 140882, 21),
(292, '忻州市市辖区', 140901, 22),
(293, '忻府区', 140902, 22),
(294, '定襄县', 140921, 22),
(295, '五台县', 140922, 22),
(296, '代县', 140923, 22),
(297, '繁峙县', 140924, 22),
(298, '宁武县', 140925, 22),
(299, '静乐县', 140926, 22),
(300, '神池县', 140927, 22),
(301, '五寨县', 140928, 22),
(302, '岢岚县', 140929, 22),
(303, '河曲县', 140930, 22),
(304, '保德县', 140931, 22),
(305, '偏关县', 140932, 22),
(306, '原平市', 140981, 22),
(307, '临汾市市辖区', 141001, 23),
(308, '尧都区', 141002, 23),
(309, '曲沃县', 141021, 23),
(310, '翼城县', 141022, 23),
(311, '襄汾县', 141023, 23),
(312, '洪洞县', 141024, 23),
(313, '古县', 141025, 23),
(314, '安泽县', 141026, 23),
(315, '浮山县', 141027, 23),
(316, '吉县', 141028, 23),
(317, '乡宁县', 141029, 23),
(318, '大宁县', 141030, 23),
(319, '隰县', 141031, 23),
(320, '永和县', 141032, 23),
(321, '蒲县', 141033, 23),
(322, '汾西县', 141034, 23),
(323, '侯马市', 141081, 23),
(324, '霍州市', 141082, 23),
(325, '吕梁市市辖区', 141101, 24),
(326, '离石区', 141102, 24),
(327, '文水县', 141121, 24),
(328, '交城县', 141122, 24),
(329, '兴县', 141123, 24),
(330, '临县', 141124, 24),
(331, '柳林县', 141125, 24),
(332, '石楼县', 141126, 24),
(333, '岚县', 141127, 24),
(334, '方山县', 141128, 24),
(335, '中阳县', 141129, 24),
(336, '交口县', 141130, 24),
(337, '孝义市', 141181, 24),
(338, '汾阳市', 141182, 24),
(339, '呼和浩特市市辖区', 150101, 25),
(340, '新城区', 150102, 25),
(341, '回民区', 150103, 25),
(342, '玉泉区', 150104, 25),
(343, '赛罕区', 150105, 25),
(344, '土默特左旗', 150121, 25),
(345, '托克托县', 150122, 25),
(346, '和林格尔县', 150123, 25),
(347, '清水河县', 150124, 25),
(348, '武川县', 150125, 25),
(349, '包头市市辖区', 150201, 26),
(350, '东河区', 150202, 26),
(351, '昆都仑区', 150203, 26),
(352, '青山区', 150204, 26),
(353, '石拐区', 150205, 26),
(354, '白云鄂博矿区', 150206, 26),
(355, '九原区', 150207, 26),
(356, '土默特右旗', 150221, 26),
(357, '固阳县', 150222, 26),
(358, '达尔罕茂明安联合旗', 150223, 26),
(359, '乌海市市辖区', 150301, 27),
(360, '海勃湾区', 150302, 27),
(361, '海南区', 150303, 27),
(362, '乌达区', 150304, 27),
(363, '赤峰市市辖区', 150401, 28),
(364, '红山区', 150402, 28),
(365, '元宝山区', 150403, 28),
(366, '松山区', 150404, 28),
(367, '阿鲁科尔沁旗', 150421, 28),
(368, '巴林左旗', 150422, 28),
(369, '巴林右旗', 150423, 28),
(370, '林西县', 150424, 28),
(371, '克什克腾旗', 150425, 28),
(372, '翁牛特旗', 150426, 28),
(373, '喀喇沁旗', 150428, 28),
(374, '宁城县', 150429, 28),
(375, '敖汉旗', 150430, 28),
(376, '通辽市市辖区', 150501, 29),
(377, '科尔沁区', 150502, 29),
(378, '科尔沁左翼中旗', 150521, 29),
(379, '科尔沁左翼后旗', 150522, 29),
(380, '开鲁县', 150523, 29),
(381, '库伦旗', 150524, 29),
(382, '奈曼旗', 150525, 29),
(383, '扎鲁特旗', 150526, 29),
(384, '霍林郭勒市', 150581, 29),
(385, '鄂尔多斯市市辖区', 150601, 30),
(386, '东胜区', 150602, 30),
(387, '康巴什区', 150603, 30),
(388, '达拉特旗', 150621, 30),
(389, '准格尔旗', 150622, 30),
(390, '鄂托克前旗', 150623, 30),
(391, '鄂托克旗', 150624, 30),
(392, '杭锦旗', 150625, 30),
(393, '乌审旗', 150626, 30),
(394, '伊金霍洛旗', 150627, 30),
(395, '呼伦贝尔市市辖区', 150701, 31),
(396, '海拉尔区', 150702, 31),
(397, '扎赉诺尔区', 150703, 31),
(398, '阿荣旗', 150721, 31),
(399, '莫力达瓦达斡尔族自治旗', 150722, 31),
(400, '鄂伦春自治旗', 150723, 31),
(401, '鄂温克族自治旗', 150724, 31),
(402, '陈巴尔虎旗', 150725, 31),
(403, '新巴尔虎左旗', 150726, 31),
(404, '新巴尔虎右旗', 150727, 31),
(405, '满洲里市', 150781, 31),
(406, '牙克石市', 150782, 31),
(407, '扎兰屯市', 150783, 31),
(408, '额尔古纳市', 150784, 31),
(409, '根河市', 150785, 31),
(410, '巴彦淖尔市市辖区', 150801, 32),
(411, '临河区', 150802, 32),
(412, '五原县', 150821, 32),
(413, '磴口县', 150822, 32),
(414, '乌拉特前旗', 150823, 32),
(415, '乌拉特中旗', 150824, 32),
(416, '乌拉特后旗', 150825, 32),
(417, '杭锦后旗', 150826, 32),
(418, '乌兰察布市市辖区', 150901, 33),
(419, '集宁区', 150902, 33),
(420, '卓资县', 150921, 33),
(421, '化德县', 150922, 33),
(422, '商都县', 150923, 33),
(423, '兴和县', 150924, 33),
(424, '凉城县', 150925, 33),
(425, '察哈尔右翼前旗', 150926, 33),
(426, '察哈尔右翼中旗', 150927, 33),
(427, '察哈尔右翼后旗', 150928, 33),
(428, '四子王旗', 150929, 33),
(429, '丰镇市', 150981, 33),
(430, '乌兰浩特市', 152201, 34),
(431, '阿尔山市', 152202, 34),
(432, '科尔沁右翼前旗', 152221, 34),
(433, '科尔沁右翼中旗', 152222, 34),
(434, '扎赉特旗', 152223, 34),
(435, '突泉县', 152224, 34),
(436, '二连浩特市', 152501, 35),
(437, '锡林浩特市', 152502, 35),
(438, '阿巴嘎旗', 152522, 35),
(439, '苏尼特左旗', 152523, 35),
(440, '苏尼特右旗', 152524, 35),
(441, '东乌珠穆沁旗', 152525, 35),
(442, '西乌珠穆沁旗', 152526, 35),
(443, '太仆寺旗', 152527, 35),
(444, '镶黄旗', 152528, 35),
(445, '正镶白旗', 152529, 35),
(446, '正蓝旗', 152530, 35),
(447, '多伦县', 152531, 35),
(448, '阿拉善左旗', 152921, 36),
(449, '阿拉善右旗', 152922, 36),
(450, '额济纳旗', 152923, 36),
(451, '沈阳市市辖区', 210101, 37),
(452, '和平区', 210102, 37),
(453, '沈河区', 210103, 37),
(454, '大东区', 210104, 37),
(455, '皇姑区', 210105, 37),
(456, '铁西区', 210106, 37),
(457, '苏家屯区', 210111, 37),
(458, '浑南区', 210112, 37),
(459, '沈北新区', 210113, 37),
(460, '于洪区', 210114, 37),
(461, '辽中区', 210115, 37),
(462, '康平县', 210123, 37),
(463, '法库县', 210124, 37),
(464, '新民市', 210181, 37),
(465, '大连市市辖区', 210201, 38),
(466, '中山区', 210202, 38),
(467, '西岗区', 210203, 38),
(468, '沙河口区', 210204, 38),
(469, '甘井子区', 210211, 38),
(470, '旅顺口区', 210212, 38),
(471, '金州区', 210213, 38),
(472, '普兰店区', 210214, 38),
(473, '长海县', 210224, 38),
(474, '瓦房店市', 210281, 38),
(475, '庄河市', 210283, 38),
(476, '鞍山市市辖区', 210301, 39),
(477, '铁东区', 210302, 39),
(478, '铁西区', 210303, 39),
(479, '立山区', 210304, 39),
(480, '千山区', 210311, 39),
(481, '台安县', 210321, 39),
(482, '岫岩满族自治县', 210323, 39),
(483, '海城市', 210381, 39),
(484, '抚顺市市辖区', 210401, 40),
(485, '新抚区', 210402, 40),
(486, '东洲区', 210403, 40),
(487, '望花区', 210404, 40),
(488, '顺城区', 210411, 40),
(489, '抚顺县', 210421, 40),
(490, '新宾满族自治县', 210422, 40),
(491, '清原满族自治县', 210423, 40),
(492, '本溪市市辖区', 210501, 41),
(493, '平山区', 210502, 41),
(494, '溪湖区', 210503, 41),
(495, '明山区', 210504, 41),
(496, '南芬区', 210505, 41),
(497, '本溪满族自治县', 210521, 41),
(498, '桓仁满族自治县', 210522, 41),
(499, '丹东市市辖区', 210601, 42),
(500, '元宝区', 210602, 42),
(501, '振兴区', 210603, 42),
(502, '振安区', 210604, 42),
(503, '宽甸满族自治县', 210624, 42),
(504, '东港市', 210681, 42),
(505, '凤城市', 210682, 42),
(506, '锦州市市辖区', 210701, 43),
(507, '古塔区', 210702, 43),
(508, '凌河区', 210703, 43),
(509, '太和区', 210711, 43),
(510, '黑山县', 210726, 43),
(511, '义县', 210727, 43),
(512, '凌海市', 210781, 43),
(513, '北镇市', 210782, 43),
(514, '营口市市辖区', 210801, 44),
(515, '站前区', 210802, 44),
(516, '西市区', 210803, 44),
(517, '鲅鱼圈区', 210804, 44),
(518, '老边区', 210811, 44),
(519, '盖州市', 210881, 44),
(520, '大石桥市', 210882, 44),
(521, '阜新市市辖区', 210901, 45),
(522, '海州区', 210902, 45),
(523, '新邱区', 210903, 45),
(524, '太平区', 210904, 45),
(525, '清河门区', 210905, 45),
(526, '细河区', 210911, 45),
(527, '阜新蒙古族自治县', 210921, 45),
(528, '彰武县', 210922, 45),
(529, '辽阳市市辖区', 211001, 46),
(530, '白塔区', 211002, 46),
(531, '文圣区', 211003, 46),
(532, '宏伟区', 211004, 46),
(533, '弓长岭区', 211005, 46),
(534, '太子河区', 211011, 46),
(535, '辽阳县', 211021, 46),
(536, '灯塔市', 211081, 46),
(537, '盘锦市市辖区', 211101, 47),
(538, '双台子区', 211102, 47),
(539, '兴隆台区', 211103, 47),
(540, '大洼区', 211104, 47),
(541, '盘山县', 211122, 47),
(542, '铁岭市市辖区', 211201, 48),
(543, '银州区', 211202, 48),
(544, '清河区', 211204, 48),
(545, '铁岭县', 211221, 48),
(546, '西丰县', 211223, 48),
(547, '昌图县', 211224, 48),
(548, '调兵山市', 211281, 48),
(549, '开原市', 211282, 48),
(550, '朝阳市市辖区', 211301, 49),
(551, '双塔区', 211302, 49),
(552, '龙城区', 211303, 49),
(553, '朝阳县', 211321, 49),
(554, '建平县', 211322, 49),
(555, '喀喇沁左翼蒙古族自治县', 211324, 49),
(556, '北票市', 211381, 49),
(557, '凌源市', 211382, 49),
(558, '葫芦岛市市辖区', 211401, 50),
(559, '连山区', 211402, 50),
(560, '龙港区', 211403, 50),
(561, '南票区', 211404, 50),
(562, '绥中县', 211421, 50),
(563, '建昌县', 211422, 50),
(564, '兴城市', 211481, 50),
(565, '长春市市辖区', 220101, 51),
(566, '南关区', 220102, 51),
(567, '宽城区', 220103, 51),
(568, '朝阳区', 220104, 51),
(569, '二道区', 220105, 51),
(570, '绿园区', 220106, 51),
(571, '双阳区', 220112, 51),
(572, '九台区', 220113, 51),
(573, '农安县', 220122, 51),
(574, '榆树市', 220182, 51),
(575, '德惠市', 220183, 51),
(576, '吉林市市辖区', 220201, 52),
(577, '昌邑区', 220202, 52),
(578, '龙潭区', 220203, 52),
(579, '船营区', 220204, 52),
(580, '丰满区', 220211, 52),
(581, '永吉县', 220221, 52),
(582, '蛟河市', 220281, 52),
(583, '桦甸市', 220282, 52),
(584, '舒兰市', 220283, 52),
(585, '磐石市', 220284, 52),
(586, '四平市市辖区', 220301, 53),
(587, '铁西区', 220302, 53),
(588, '铁东区', 220303, 53),
(589, '梨树县', 220322, 53),
(590, '伊通满族自治县', 220323, 53),
(591, '公主岭市', 220184, 51),
(592, '双辽市', 220382, 53),
(593, '辽源市市辖区', 220401, 54),
(594, '龙山区', 220402, 54),
(595, '西安区', 220403, 54),
(596, '东丰县', 220421, 54),
(597, '东辽县', 220422, 54),
(598, '通化市市辖区', 220501, 55),
(599, '东昌区', 220502, 55),
(600, '二道江区', 220503, 55),
(601, '通化县', 220521, 55),
(602, '辉南县', 220523, 55),
(603, '柳河县', 220524, 55),
(604, '梅河口市', 220581, 55),
(605, '集安市', 220582, 55),
(606, '白山市市辖区', 220601, 56),
(607, '浑江区', 220602, 56),
(608, '江源区', 220605, 56),
(609, '抚松县', 220621, 56),
(610, '靖宇县', 220622, 56),
(611, '长白朝鲜族自治县', 220623, 56),
(612, '临江市', 220681, 56),
(613, '松原市市辖区', 220701, 57),
(614, '宁江区', 220702, 57),
(615, '前郭尔罗斯蒙古族自治县', 220721, 57),
(616, '长岭县', 220722, 57),
(617, '乾安县', 220723, 57),
(618, '扶余市', 220781, 57),
(619, '白城市市辖区', 220801, 58),
(620, '洮北区', 220802, 58),
(621, '镇赉县', 220821, 58),
(622, '通榆县', 220822, 58),
(623, '洮南市', 220881, 58),
(624, '大安市', 220882, 58),
(625, '延吉市', 222401, 59),
(626, '图们市', 222402, 59),
(627, '敦化市', 222403, 59),
(628, '珲春市', 222404, 59),
(629, '龙井市', 222405, 59),
(630, '和龙市', 222406, 59),
(631, '汪清县', 222424, 59),
(632, '安图县', 222426, 59),
(633, '哈尔滨市市辖区', 230101, 60),
(634, '道里区', 230102, 60),
(635, '南岗区', 230103, 60),
(636, '道外区', 230104, 60),
(637, '平房区', 230108, 60),
(638, '松北区', 230109, 60),
(639, '香坊区', 230110, 60),
(640, '呼兰区', 230111, 60),
(641, '阿城区', 230112, 60),
(642, '双城区', 230113, 60),
(643, '依兰县', 230123, 60),
(644, '方正县', 230124, 60),
(645, '宾县', 230125, 60),
(646, '巴彦县', 230126, 60),
(647, '木兰县', 230127, 60),
(648, '通河县', 230128, 60),
(649, '延寿县', 230129, 60),
(650, '尚志市', 230183, 60),
(651, '五常市', 230184, 60),
(652, '齐齐哈尔市市辖区', 230201, 61),
(653, '龙沙区', 230202, 61),
(654, '建华区', 230203, 61),
(655, '铁锋区', 230204, 61),
(656, '昂昂溪区', 230205, 61),
(657, '富拉尔基区', 230206, 61),
(658, '碾子山区', 230207, 61),
(659, '梅里斯达斡尔族区', 230208, 61),
(660, '龙江县', 230221, 61),
(661, '依安县', 230223, 61),
(662, '泰来县', 230224, 61),
(663, '甘南县', 230225, 61),
(664, '富裕县', 230227, 61),
(665, '克山县', 230229, 61),
(666, '克东县', 230230, 61),
(667, '拜泉县', 230231, 61),
(668, '讷河市', 230281, 61),
(669, '鸡西市市辖区', 230301, 62),
(670, '鸡冠区', 230302, 62),
(671, '恒山区', 230303, 62),
(672, '滴道区', 230304, 62),
(673, '梨树区', 230305, 62),
(674, '城子河区', 230306, 62),
(675, '麻山区', 230307, 62),
(676, '鸡东县', 230321, 62),
(677, '虎林市', 230381, 62),
(678, '密山市', 230382, 62),
(679, '鹤岗市市辖区', 230401, 63),
(680, '向阳区', 230402, 63),
(681, '工农区', 230403, 63),
(682, '南山区', 230404, 63),
(683, '兴安区', 230405, 63),
(684, '东山区', 230406, 63),
(685, '兴山区', 230407, 63),
(686, '萝北县', 230421, 63),
(687, '绥滨县', 230422, 63),
(688, '双鸭山市市辖区', 230501, 64),
(689, '尖山区', 230502, 64),
(690, '岭东区', 230503, 64),
(691, '四方台区', 230505, 64),
(692, '宝山区', 230506, 64),
(693, '集贤县', 230521, 64),
(694, '友谊县', 230522, 64),
(695, '宝清县', 230523, 64),
(696, '饶河县', 230524, 64),
(697, '大庆市市辖区', 230601, 65),
(698, '萨尔图区', 230602, 65),
(699, '龙凤区', 230603, 65),
(700, '让胡路区', 230604, 65),
(701, '红岗区', 230605, 65),
(702, '大同区', 230606, 65),
(703, '肇州县', 230621, 65),
(704, '肇源县', 230622, 65),
(705, '林甸县', 230623, 65),
(706, '杜尔伯特蒙古族自治县', 230624, 65),
(707, '伊春市市辖区', 230701, 66),
(708, '汤旺河区', 230712, 66),
(709, '伊美区', 230717, 66),
(710, '乌翠区', 230718, 66),
(711, '友好区', 230719, 66),
(712, '嘉荫县', 230722, 66),
(713, '汤旺县', 230723, 66),
(714, '丰林县', 230724, 66),
(715, '大箐山县', 230725, 66),
(716, '南岔县', 230726, 66),
(717, '金林区', 230751, 66),
(718, '铁力市', 230781, 66),
(719, '佳木斯市市辖区', 230801, 67),
(720, '向阳区', 230803, 67),
(721, '前进区', 230804, 67),
(722, '东风区', 230805, 67),
(723, '郊区', 230811, 67),
(724, '桦南县', 230822, 67),
(725, '桦川县', 230826, 67),
(726, '汤原县', 230828, 67),
(727, '同江市', 230881, 67),
(728, '富锦市', 230882, 67),
(729, '抚远市', 230883, 67),
(730, '七台河市市辖区', 230901, 68),
(731, '新兴区', 230902, 68),
(732, '桃山区', 230903, 68),
(733, '茄子河区', 230904, 68),
(734, '勃利县', 230921, 68),
(735, '牡丹江市市辖区', 231001, 69),
(736, '东安区', 231002, 69),
(737, '阳明区', 231003, 69),
(738, '爱民区', 231004, 69),
(739, '西安区', 231005, 69),
(740, '林口县', 231025, 69),
(741, '绥芬河市', 231081, 69),
(742, '海林市', 231083, 69),
(743, '宁安市', 231084, 69),
(744, '穆棱市', 231085, 69),
(745, '东宁市', 231086, 69),
(746, '黑河市市辖区', 231101, 70),
(747, '爱辉区', 231102, 70),
(748, '嫩江市', 231183, 70),
(749, '逊克县', 231123, 70),
(750, '孙吴县', 231124, 70),
(751, '北安市', 231181, 70),
(752, '五大连池市', 231182, 70),
(753, '绥化市市辖区', 231201, 71),
(754, '北林区', 231202, 71),
(755, '望奎县', 231221, 71),
(756, '兰西县', 231222, 71),
(757, '青冈县', 231223, 71),
(758, '庆安县', 231224, 71),
(759, '明水县', 231225, 71),
(760, '绥棱县', 231226, 71),
(761, '安达市', 231281, 71),
(762, '肇东市', 231282, 71),
(763, '海伦市', 231283, 71),
(764, '加格达奇区', 232718, 72),
(765, '呼玛县', 232721, 72),
(766, '塔河县', 232722, 72),
(767, '漠河市', 232701, 72),
(768, '黄浦区', 310101, 73),
(769, '徐汇区', 310104, 73),
(770, '长宁区', 310105, 73),
(771, '静安区', 310106, 73),
(772, '普陀区', 310107, 73),
(773, '虹口区', 310109, 73),
(774, '杨浦区', 310110, 73),
(775, '闵行区', 310112, 73),
(776, '宝山区', 310113, 73),
(777, '嘉定区', 310114, 73),
(778, '浦东新区', 310115, 73),
(779, '金山区', 310116, 73),
(780, '松江区', 310117, 73),
(781, '青浦区', 310118, 73),
(782, '奉贤区', 310120, 73),
(783, '崇明区', 310151, 73),
(784, '南京市市辖区', 320101, 74),
(785, '玄武区', 320102, 74),
(786, '秦淮区', 320104, 74),
(787, '建邺区', 320105, 74),
(788, '鼓楼区', 320106, 74),
(789, '浦口区', 320111, 74),
(790, '栖霞区', 320113, 74),
(791, '雨花台区', 320114, 74),
(792, '江宁区', 320115, 74),
(793, '六合区', 320116, 74),
(794, '溧水区', 320117, 74),
(795, '高淳区', 320118, 74),
(796, '无锡市市辖区', 320201, 75),
(797, '锡山区', 320205, 75),
(798, '惠山区', 320206, 75),
(799, '滨湖区', 320211, 75),
(800, '梁溪区', 320213, 75),
(801, '新吴区', 320214, 75),
(802, '江阴市', 320281, 75),
(803, '宜兴市', 320282, 75),
(804, '徐州市市辖区', 320301, 76),
(805, '鼓楼区', 320302, 76),
(806, '云龙区', 320303, 76),
(807, '贾汪区', 320305, 76),
(808, '泉山区', 320311, 76),
(809, '铜山区', 320312, 76),
(810, '丰县', 320321, 76),
(811, '沛县', 320322, 76),
(812, '睢宁县', 320324, 76),
(813, '新沂市', 320381, 76),
(814, '邳州市', 320382, 76),
(815, '常州市市辖区', 320401, 77),
(816, '天宁区', 320402, 77),
(817, '钟楼区', 320404, 77),
(818, '新北区', 320411, 77),
(819, '武进区', 320412, 77),
(820, '金坛区', 320413, 77),
(821, '溧阳市', 320481, 77),
(822, '苏州市市辖区', 320501, 78),
(823, '虎丘区', 320505, 78),
(824, '吴中区', 320506, 78),
(825, '相城区', 320507, 78),
(826, '姑苏区', 320508, 78),
(827, '吴江区', 320509, 78),
(828, '常熟市', 320581, 78),
(829, '张家港市', 320582, 78),
(830, '昆山市', 320583, 78),
(831, '太仓市', 320585, 78),
(832, '南通市市辖区', 320601, 79),
(833, '崇川区', 320602, 79),
(834, '通州区', 320612, 79),
(835, '海安市', 320685, 79),
(836, '如东县', 320623, 79),
(837, '启东市', 320681, 79),
(838, '如皋市', 320682, 79),
(839, '海门区', 320684, 79),
(840, '连云港市市辖区', 320701, 80),
(841, '连云区', 320703, 80),
(842, '海州区', 320706, 80),
(843, '赣榆区', 320707, 80),
(844, '东海县', 320722, 80),
(845, '灌云县', 320723, 80),
(846, '灌南县', 320724, 80),
(847, '淮安市市辖区', 320801, 81),
(848, '淮安区', 320803, 81),
(849, '淮阴区', 320804, 81),
(850, '清江浦区', 320812, 81),
(851, '洪泽区', 320813, 81),
(852, '涟水县', 320826, 81),
(853, '盱眙县', 320830, 81),
(854, '金湖县', 320831, 81),
(855, '盐城市市辖区', 320901, 82),
(856, '亭湖区', 320902, 82),
(857, '盐都区', 320903, 82),
(858, '大丰区', 320904, 82),
(859, '响水县', 320921, 82),
(860, '滨海县', 320922, 82),
(861, '阜宁县', 320923, 82),
(862, '射阳县', 320924, 82),
(863, '建湖县', 320925, 82),
(864, '东台市', 320981, 82),
(865, '扬州市市辖区', 321001, 83),
(866, '广陵区', 321002, 83),
(867, '邗江区', 321003, 83),
(868, '江都区', 321012, 83),
(869, '宝应县', 321023, 83),
(870, '仪征市', 321081, 83),
(871, '高邮市', 321084, 83),
(872, '镇江市市辖区', 321101, 84),
(873, '京口区', 321102, 84),
(874, '润州区', 321111, 84),
(875, '丹徒区', 321112, 84),
(876, '丹阳市', 321181, 84),
(877, '扬中市', 321182, 84),
(878, '句容市', 321183, 84),
(879, '泰州市市辖区', 321201, 85),
(880, '海陵区', 321202, 85),
(881, '高港区', 321203, 85),
(882, '姜堰区', 321204, 85),
(883, '兴化市', 321281, 85),
(884, '靖江市', 321282, 85),
(885, '泰兴市', 321283, 85),
(886, '宿迁市市辖区', 321301, 86),
(887, '宿城区', 321302, 86),
(888, '宿豫区', 321311, 86),
(889, '沭阳县', 321322, 86),
(890, '泗阳县', 321323, 86),
(891, '泗洪县', 321324, 86),
(892, '杭州市市辖区', 330101, 87),
(893, '上城区', 330102, 87),
(894, '下城区', 330103, 87),
(895, '江干区', 330104, 87),
(896, '拱墅区', 330105, 87),
(897, '西湖区', 330106, 87),
(898, '滨江区', 330108, 87),
(899, '萧山区', 330109, 87),
(900, '余杭区', 330110, 87),
(901, '富阳区', 330111, 87),
(902, '临安区', 330112, 87),
(903, '桐庐县', 330122, 87),
(904, '淳安县', 330127, 87),
(905, '建德市', 330182, 87),
(906, '宁波市市辖区', 330201, 88),
(907, '海曙区', 330203, 88),
(908, '江北区', 330205, 88),
(909, '北仑区', 330206, 88),
(910, '镇海区', 330211, 88),
(911, '鄞州区', 330212, 88),
(912, '奉化区', 330213, 88),
(913, '象山县', 330225, 88),
(914, '宁海县', 330226, 88),
(915, '余姚市', 330281, 88),
(916, '慈溪市', 330282, 88),
(917, '温州市市辖区', 330301, 89),
(918, '鹿城区', 330302, 89),
(919, '龙湾区', 330303, 89),
(920, '瓯海区', 330304, 89),
(921, '洞头区', 330305, 89),
(922, '永嘉县', 330324, 89),
(923, '平阳县', 330326, 89),
(924, '苍南县', 330327, 89),
(925, '文成县', 330328, 89),
(926, '泰顺县', 330329, 89),
(927, '瑞安市', 330381, 89),
(928, '乐清市', 330382, 89),
(929, '龙港市', 330383, 89),
(930, '嘉兴市市辖区', 330401, 90),
(931, '南湖区', 330402, 90),
(932, '秀洲区', 330411, 90),
(933, '嘉善县', 330421, 90),
(934, '海盐县', 330424, 90),
(935, '海宁市', 330481, 90),
(936, '平湖市', 330482, 90),
(937, '桐乡市', 330483, 90),
(938, '湖州市市辖区', 330501, 91),
(939, '吴兴区', 330502, 91),
(940, '南浔区', 330503, 91),
(941, '德清县', 330521, 91),
(942, '长兴县', 330522, 91),
(943, '安吉县', 330523, 91),
(944, '绍兴市市辖区', 330601, 92),
(945, '越城区', 330602, 92),
(946, '柯桥区', 330603, 92),
(947, '上虞区', 330604, 92),
(948, '新昌县', 330624, 92),
(949, '诸暨市', 330681, 92),
(950, '嵊州市', 330683, 92),
(951, '金华市市辖区', 330701, 93),
(952, '婺城区', 330702, 93),
(953, '金东区', 330703, 93),
(954, '武义县', 330723, 93),
(955, '浦江县', 330726, 93),
(956, '磐安县', 330727, 93),
(957, '兰溪市', 330781, 93),
(958, '义乌市', 330782, 93),
(959, '东阳市', 330783, 93),
(960, '永康市', 330784, 93),
(961, '衢州市市辖区', 330801, 94),
(962, '柯城区', 330802, 94),
(963, '衢江区', 330803, 94),
(964, '常山县', 330822, 94),
(965, '开化县', 330824, 94),
(966, '龙游县', 330825, 94),
(967, '江山市', 330881, 94),
(968, '舟山市市辖区', 330901, 95),
(969, '定海区', 330902, 95),
(970, '普陀区', 330903, 95),
(971, '岱山县', 330921, 95),
(972, '嵊泗县', 330922, 95),
(973, '台州市市辖区', 331001, 96),
(974, '椒江区', 331002, 96),
(975, '黄岩区', 331003, 96),
(976, '路桥区', 331004, 96),
(977, '三门县', 331022, 96),
(978, '天台县', 331023, 96),
(979, '仙居县', 331024, 96),
(980, '温岭市', 331081, 96),
(981, '临海市', 331082, 96),
(982, '玉环市', 331083, 96),
(983, '丽水市市辖区', 331101, 97),
(984, '莲都区', 331102, 97),
(985, '青田县', 331121, 97),
(986, '缙云县', 331122, 97),
(987, '遂昌县', 331123, 97),
(988, '松阳县', 331124, 97),
(989, '云和县', 331125, 97),
(990, '庆元县', 331126, 97),
(991, '景宁畲族自治县', 331127, 97),
(992, '龙泉市', 331181, 97),
(993, '合肥市市辖区', 340101, 98),
(994, '瑶海区', 340102, 98),
(995, '庐阳区', 340103, 98),
(996, '蜀山区', 340104, 98),
(997, '包河区', 340111, 98),
(998, '长丰县', 340121, 98),
(999, '肥东县', 340122, 98),
(1000, '肥西县', 340123, 98),
(1001, '庐江县', 340124, 98),
(1002, '巢湖市', 340181, 98),
(1003, '芜湖市市辖区', 340201, 99),
(1004, '镜湖区', 340202, 99),
(1005, '弋江区', 340203, 99),
(1006, '鸠江区', 340207, 99),
(1007, '湾沚区', 340221, 99),
(1008, '繁昌区', 340222, 99),
(1009, '南陵县', 340223, 99),
(1010, '无为市', 340281, 99),
(1011, '蚌埠市市辖区', 340301, 100),
(1012, '龙子湖区', 340302, 100),
(1013, '蚌山区', 340303, 100),
(1014, '禹会区', 340304, 100),
(1015, '淮上区', 340311, 100),
(1016, '怀远县', 340321, 100),
(1017, '五河县', 340322, 100),
(1018, '固镇县', 340323, 100),
(1019, '淮南市市辖区', 340401, 101),
(1020, '大通区', 340402, 101),
(1021, '田家庵区', 340403, 101),
(1022, '谢家集区', 340404, 101),
(1023, '八公山区', 340405, 101),
(1024, '潘集区', 340406, 101),
(1025, '凤台县', 340421, 101),
(1026, '寿县', 340422, 101),
(1027, '马鞍山市市辖区', 340501, 102),
(1028, '花山区', 340503, 102),
(1029, '雨山区', 340504, 102),
(1030, '博望区', 340506, 102),
(1031, '当涂县', 340521, 102),
(1032, '含山县', 340522, 102),
(1033, '和县', 340523, 102),
(1034, '淮北市市辖区', 340601, 103),
(1035, '杜集区', 340602, 103),
(1036, '相山区', 340603, 103),
(1037, '烈山区', 340604, 103),
(1038, '濉溪县', 340621, 103),
(1039, '铜陵市市辖区', 340701, 104),
(1040, '铜官区', 340705, 104),
(1041, '义安区', 340706, 104),
(1042, '郊区', 340711, 104),
(1043, '枞阳县', 340722, 104),
(1044, '安庆市市辖区', 340801, 105),
(1045, '迎江区', 340802, 105),
(1046, '大观区', 340803, 105),
(1047, '宜秀区', 340811, 105),
(1048, '怀宁县', 340822, 105),
(1049, '潜山市', 340882, 105),
(1050, '太湖县', 340825, 105),
(1051, '宿松县', 340826, 105),
(1052, '望江县', 340827, 105),
(1053, '岳西县', 340828, 105),
(1054, '桐城市', 340881, 105),
(1055, '黄山市市辖区', 341001, 106),
(1056, '屯溪区', 341002, 106),
(1057, '黄山区', 341003, 106),
(1058, '徽州区', 341004, 106),
(1059, '歙县', 341021, 106),
(1060, '休宁县', 341022, 106),
(1061, '黟县', 341023, 106),
(1062, '祁门县', 341024, 106),
(1063, '滁州市市辖区', 341101, 107),
(1064, '琅琊区', 341102, 107),
(1065, '南谯区', 341103, 107),
(1066, '来安县', 341122, 107),
(1067, '全椒县', 341124, 107),
(1068, '定远县', 341125, 107),
(1069, '凤阳县', 341126, 107),
(1070, '天长市', 341181, 107),
(1071, '明光市', 341182, 107),
(1072, '阜阳市市辖区', 341201, 108),
(1073, '颍州区', 341202, 108),
(1074, '颍东区', 341203, 108),
(1075, '颍泉区', 341204, 108),
(1076, '临泉县', 341221, 108),
(1077, '太和县', 341222, 108),
(1078, '阜南县', 341225, 108),
(1079, '颍上县', 341226, 108),
(1080, '界首市', 341282, 108),
(1081, '宿州市市辖区', 341301, 109),
(1082, '埇桥区', 341302, 109),
(1083, '砀山县', 341321, 109),
(1084, '萧县', 341322, 109),
(1085, '灵璧县', 341323, 109),
(1086, '泗县', 341324, 109),
(1087, '六安市市辖区', 341501, 110),
(1088, '金安区', 341502, 110),
(1089, '裕安区', 341503, 110),
(1090, '叶集区', 341504, 110),
(1091, '霍邱县', 341522, 110),
(1092, '舒城县', 341523, 110),
(1093, '金寨县', 341524, 110),
(1094, '霍山县', 341525, 110),
(1095, '亳州市市辖区', 341601, 111),
(1096, '谯城区', 341602, 111),
(1097, '涡阳县', 341621, 111),
(1098, '蒙城县', 341622, 111),
(1099, '利辛县', 341623, 111),
(1100, '池州市市辖区', 341701, 112),
(1101, '贵池区', 341702, 112),
(1102, '东至县', 341721, 112),
(1103, '石台县', 341722, 112),
(1104, '青阳县', 341723, 112),
(1105, '宣城市市辖区', 341801, 113),
(1106, '宣州区', 341802, 113),
(1107, '郎溪县', 341821, 113),
(1108, '广德市', 341882, 113),
(1109, '泾县', 341823, 113),
(1110, '绩溪县', 341824, 113),
(1111, '旌德县', 341825, 113),
(1112, '宁国市', 341881, 113),
(1113, '福州市市辖区', 350101, 114),
(1114, '鼓楼区', 350102, 114),
(1115, '台江区', 350103, 114),
(1116, '仓山区', 350104, 114),
(1117, '马尾区', 350105, 114),
(1118, '晋安区', 350111, 114),
(1119, '长乐区', 350112, 114),
(1120, '闽侯县', 350121, 114),
(1121, '连江县', 350122, 114),
(1122, '罗源县', 350123, 114),
(1123, '闽清县', 350124, 114),
(1124, '永泰县', 350125, 114),
(1125, '平潭县', 350128, 114),
(1126, '福清市', 350181, 114),
(1127, '厦门市市辖区', 350201, 115),
(1128, '思明区', 350203, 115),
(1129, '海沧区', 350205, 115),
(1130, '湖里区', 350206, 115),
(1131, '集美区', 350211, 115),
(1132, '同安区', 350212, 115),
(1133, '翔安区', 350213, 115),
(1134, '莆田市市辖区', 350301, 116),
(1135, '城厢区', 350302, 116),
(1136, '涵江区', 350303, 116),
(1137, '荔城区', 350304, 116),
(1138, '秀屿区', 350305, 116),
(1139, '仙游县', 350322, 116),
(1140, '三明市市辖区', 350401, 117),
(1141, '梅列区', 350402, 117),
(1142, '三元区', 350403, 117),
(1143, '明溪县', 350421, 117),
(1144, '清流县', 350423, 117),
(1145, '宁化县', 350424, 117),
(1146, '大田县', 350425, 117),
(1147, '尤溪县', 350426, 117),
(1148, '沙县', 350427, 117),
(1149, '将乐县', 350428, 117),
(1150, '泰宁县', 350429, 117),
(1151, '建宁县', 350430, 117),
(1152, '永安市', 350481, 117),
(1153, '泉州市市辖区', 350501, 118),
(1154, '鲤城区', 350502, 118),
(1155, '丰泽区', 350503, 118),
(1156, '洛江区', 350504, 118),
(1157, '泉港区', 350505, 118),
(1158, '惠安县', 350521, 118),
(1159, '安溪县', 350524, 118),
(1160, '永春县', 350525, 118),
(1161, '德化县', 350526, 118),
(1162, '金门县', 350527, 118),
(1163, '石狮市', 350581, 118),
(1164, '晋江市', 350582, 118),
(1165, '南安市', 350583, 118),
(1166, '漳州市市辖区', 350601, 119),
(1167, '芗城区', 350602, 119),
(1168, '龙文区', 350603, 119),
(1169, '云霄县', 350622, 119),
(1170, '漳浦县', 350623, 119),
(1171, '诏安县', 350624, 119),
(1172, '长泰县', 350625, 119),
(1173, '东山县', 350626, 119),
(1174, '南靖县', 350627, 119),
(1175, '平和县', 350628, 119),
(1176, '华安县', 350629, 119),
(1177, '龙海市', 350681, 119),
(1178, '南平市市辖区', 350701, 120),
(1179, '延平区', 350702, 120),
(1180, '建阳区', 350703, 120),
(1181, '顺昌县', 350721, 120),
(1182, '浦城县', 350722, 120),
(1183, '光泽县', 350723, 120),
(1184, '松溪县', 350724, 120),
(1185, '政和县', 350725, 120),
(1186, '邵武市', 350781, 120),
(1187, '武夷山市', 350782, 120),
(1188, '建瓯市', 350783, 120),
(1189, '龙岩市市辖区', 350801, 121),
(1190, '新罗区', 350802, 121),
(1191, '永定区', 350803, 121),
(1192, '长汀县', 350821, 121),
(1193, '上杭县', 350823, 121),
(1194, '武平县', 350824, 121),
(1195, '连城县', 350825, 121),
(1196, '漳平市', 350881, 121),
(1197, '宁德市市辖区', 350901, 122),
(1198, '蕉城区', 350902, 122),
(1199, '霞浦县', 350921, 122),
(1200, '古田县', 350922, 122),
(1201, '屏南县', 350923, 122),
(1202, '寿宁县', 350924, 122),
(1203, '周宁县', 350925, 122),
(1204, '柘荣县', 350926, 122),
(1205, '福安市', 350981, 122),
(1206, '福鼎市', 350982, 122),
(1207, '南昌市市辖区', 360101, 123),
(1208, '东湖区', 360102, 123),
(1209, '西湖区', 360103, 123),
(1210, '青云谱区', 360104, 123),
(1211, '青山湖区', 360111, 123),
(1212, '红谷滩区', 360113, 123),
(1213, '新建区', 360112, 123),
(1214, '南昌县', 360121, 123),
(1215, '安义县', 360123, 123),
(1216, '进贤县', 360124, 123),
(1217, '景德镇市市辖区', 360201, 124),
(1218, '昌江区', 360202, 124),
(1219, '珠山区', 360203, 124),
(1220, '浮梁县', 360222, 124),
(1221, '乐平市', 360281, 124),
(1222, '萍乡市市辖区', 360301, 125),
(1223, '安源区', 360302, 125),
(1224, '湘东区', 360313, 125),
(1225, '莲花县', 360321, 125),
(1226, '上栗县', 360322, 125),
(1227, '芦溪县', 360323, 125),
(1228, '九江市市辖区', 360401, 126),
(1229, '濂溪区', 360402, 126),
(1230, '浔阳区', 360403, 126),
(1231, '柴桑区', 360404, 126),
(1232, '武宁县', 360423, 126),
(1233, '修水县', 360424, 126),
(1234, '永修县', 360425, 126),
(1235, '德安县', 360426, 126),
(1236, '都昌县', 360428, 126),
(1237, '湖口县', 360429, 126),
(1238, '彭泽县', 360430, 126),
(1239, '瑞昌市', 360481, 126),
(1240, '共青城市', 360482, 126),
(1241, '庐山市', 360483, 126),
(1242, '新余市市辖区', 360501, 127),
(1243, '渝水区', 360502, 127),
(1244, '分宜县', 360521, 127),
(1245, '鹰潭市市辖区', 360601, 128),
(1246, '月湖区', 360602, 128),
(1247, '余江区', 360603, 128),
(1248, '贵溪市', 360681, 128),
(1249, '赣州市市辖区', 360701, 129),
(1250, '章贡区', 360702, 129),
(1251, '南康区', 360703, 129),
(1252, '赣县区', 360704, 129),
(1253, '信丰县', 360722, 129),
(1254, '大余县', 360723, 129),
(1255, '上犹县', 360724, 129),
(1256, '崇义县', 360725, 129),
(1257, '安远县', 360726, 129),
(1258, '龙南市', 360783, 129),
(1259, '定南县', 360728, 129),
(1260, '全南县', 360729, 129),
(1261, '宁都县', 360730, 129),
(1262, '于都县', 360731, 129),
(1263, '兴国县', 360732, 129),
(1264, '会昌县', 360733, 129),
(1265, '寻乌县', 360734, 129),
(1266, '石城县', 360735, 129),
(1267, '瑞金市', 360781, 129),
(1268, '吉安市市辖区', 360801, 130),
(1269, '吉州区', 360802, 130),
(1270, '青原区', 360803, 130),
(1271, '吉安县', 360821, 130),
(1272, '吉水县', 360822, 130),
(1273, '峡江县', 360823, 130),
(1274, '新干县', 360824, 130),
(1275, '永丰县', 360825, 130),
(1276, '泰和县', 360826, 130),
(1277, '遂川县', 360827, 130),
(1278, '万安县', 360828, 130),
(1279, '安福县', 360829, 130),
(1280, '永新县', 360830, 130),
(1281, '井冈山市', 360881, 130),
(1282, '宜春市市辖区', 360901, 131),
(1283, '袁州区', 360902, 131),
(1284, '奉新县', 360921, 131),
(1285, '万载县', 360922, 131),
(1286, '上高县', 360923, 131),
(1287, '宜丰县', 360924, 131),
(1288, '靖安县', 360925, 131),
(1289, '铜鼓县', 360926, 131),
(1290, '丰城市', 360981, 131),
(1291, '樟树市', 360982, 131),
(1292, '高安市', 360983, 131),
(1293, '抚州市市辖区', 361001, 132),
(1294, '临川区', 361002, 132),
(1295, '东乡区', 361003, 132),
(1296, '南城县', 361021, 132),
(1297, '黎川县', 361022, 132),
(1298, '南丰县', 361023, 132),
(1299, '崇仁县', 361024, 132),
(1300, '乐安县', 361025, 132),
(1301, '宜黄县', 361026, 132),
(1302, '金溪县', 361027, 132),
(1303, '资溪县', 361028, 132),
(1304, '广昌县', 361030, 132),
(1305, '上饶市市辖区', 361101, 133),
(1306, '信州区', 361102, 133),
(1307, '广丰区', 361103, 133),
(1308, '广信区', 361104, 133),
(1309, '玉山县', 361123, 133),
(1310, '铅山县', 361124, 133),
(1311, '横峰县', 361125, 133),
(1312, '弋阳县', 361126, 133),
(1313, '余干县', 361127, 133),
(1314, '鄱阳县', 361128, 133),
(1315, '万年县', 361129, 133),
(1316, '婺源县', 361130, 133),
(1317, '德兴市', 361181, 133),
(1318, '济南市市辖区', 370101, 134),
(1319, '历下区', 370102, 134),
(1320, '市中区', 370103, 134),
(1321, '槐荫区', 370104, 134),
(1322, '天桥区', 370105, 134),
(1323, '历城区', 370112, 134),
(1324, '长清区', 370113, 134),
(1325, '章丘区', 370114, 134),
(1326, '平阴县', 370124, 134),
(1327, '济阳区', 370115, 134),
(1328, '商河县', 370126, 134),
(1329, '青岛市市辖区', 370201, 135),
(1330, '市南区', 370202, 135),
(1331, '市北区', 370203, 135),
(1332, '黄岛区', 370211, 135),
(1333, '崂山区', 370212, 135),
(1334, '李沧区', 370213, 135),
(1335, '城阳区', 370214, 135),
(1336, '即墨区', 370215, 135),
(1337, '胶州市', 370281, 135),
(1338, '平度市', 370283, 135),
(1339, '莱西市', 370285, 135),
(1340, '淄博市市辖区', 370301, 136),
(1341, '淄川区', 370302, 136),
(1342, '张店区', 370303, 136),
(1343, '博山区', 370304, 136),
(1344, '临淄区', 370305, 136),
(1345, '周村区', 370306, 136),
(1346, '桓台县', 370321, 136),
(1347, '高青县', 370322, 136),
(1348, '沂源县', 370323, 136),
(1349, '枣庄市市辖区', 370401, 137),
(1350, '市中区', 370402, 137),
(1351, '薛城区', 370403, 137),
(1352, '峄城区', 370404, 137),
(1353, '台儿庄区', 370405, 137),
(1354, '山亭区', 370406, 137),
(1355, '滕州市', 370481, 137),
(1356, '东营市市辖区', 370501, 138),
(1357, '东营区', 370502, 138),
(1358, '河口区', 370503, 138),
(1359, '垦利区', 370505, 138),
(1360, '利津县', 370522, 138),
(1361, '广饶县', 370523, 138),
(1362, '烟台市市辖区', 370601, 139),
(1363, '芝罘区', 370602, 139),
(1364, '福山区', 370611, 139),
(1365, '牟平区', 370612, 139),
(1366, '莱山区', 370613, 139),
(1367, '蓬莱区', 370614, 139),
(1368, '龙口市', 370681, 139),
(1369, '莱阳市', 370682, 139),
(1370, '莱州市', 370683, 139),
(1371, '招远市', 370685, 139),
(1372, '栖霞市', 370686, 139),
(1373, '海阳市', 370687, 139),
(1374, '潍坊市市辖区', 370701, 140),
(1375, '潍城区', 370702, 140),
(1376, '寒亭区', 370703, 140),
(1377, '坊子区', 370704, 140),
(1378, '奎文区', 370705, 140),
(1379, '临朐县', 370724, 140),
(1380, '昌乐县', 370725, 140),
(1381, '青州市', 370781, 140),
(1382, '诸城市', 370782, 140),
(1383, '寿光市', 370783, 140),
(1384, '安丘市', 370784, 140),
(1385, '高密市', 370785, 140),
(1386, '昌邑市', 370786, 140),
(1387, '济宁市市辖区', 370801, 141),
(1388, '任城区', 370811, 141),
(1389, '兖州区', 370812, 141),
(1390, '微山县', 370826, 141),
(1391, '鱼台县', 370827, 141),
(1392, '金乡县', 370828, 141),
(1393, '嘉祥县', 370829, 141),
(1394, '汶上县', 370830, 141),
(1395, '泗水县', 370831, 141),
(1396, '梁山县', 370832, 141),
(1397, '曲阜市', 370881, 141),
(1398, '邹城市', 370883, 141),
(1399, '泰安市市辖区', 370901, 142),
(1400, '泰山区', 370902, 142),
(1401, '岱岳区', 370911, 142),
(1402, '宁阳县', 370921, 142),
(1403, '东平县', 370923, 142),
(1404, '新泰市', 370982, 142),
(1405, '肥城市', 370983, 142),
(1406, '威海市市辖区', 371001, 143),
(1407, '环翠区', 371002, 143),
(1408, '文登区', 371003, 143),
(1409, '荣成市', 371082, 143),
(1410, '乳山市', 371083, 143),
(1411, '日照市市辖区', 371101, 144),
(1412, '东港区', 371102, 144),
(1413, '岚山区', 371103, 144),
(1414, '五莲县', 371121, 144),
(1415, '莒县', 371122, 144),
(1416, '莱芜区', 370116, 134),
(1417, '钢城区', 370117, 134),
(1418, '临沂市市辖区', 371301, 145),
(1419, '兰山区', 371302, 145),
(1420, '罗庄区', 371311, 145),
(1421, '河东区', 371312, 145),
(1422, '沂南县', 371321, 145),
(1423, '郯城县', 371322, 145),
(1424, '沂水县', 371323, 145),
(1425, '兰陵县', 371324, 145),
(1426, '费县', 371325, 145),
(1427, '平邑县', 371326, 145),
(1428, '莒南县', 371327, 145),
(1429, '蒙阴县', 371328, 145),
(1430, '临沭县', 371329, 145),
(1431, '德州市市辖区', 371401, 146),
(1432, '德城区', 371402, 146),
(1433, '陵城区', 371403, 146),
(1434, '宁津县', 371422, 146),
(1435, '庆云县', 371423, 146),
(1436, '临邑县', 371424, 146),
(1437, '齐河县', 371425, 146),
(1438, '平原县', 371426, 146),
(1439, '夏津县', 371427, 146),
(1440, '武城县', 371428, 146),
(1441, '乐陵市', 371481, 146),
(1442, '禹城市', 371482, 146),
(1443, '聊城市市辖区', 371501, 147),
(1444, '东昌府区', 371502, 147),
(1445, '阳谷县', 371521, 147),
(1446, '莘县', 371522, 147),
(1447, '茌平区', 371503, 147),
(1448, '东阿县', 371524, 147),
(1449, '冠县', 371525, 147),
(1450, '高唐县', 371526, 147),
(1451, '临清市', 371581, 147),
(1452, '滨州市市辖区', 371601, 148),
(1453, '滨城区', 371602, 148),
(1454, '沾化区', 371603, 148),
(1455, '惠民县', 371621, 148),
(1456, '阳信县', 371622, 148),
(1457, '无棣县', 371623, 148),
(1458, '博兴县', 371625, 148),
(1459, '邹平市', 371681, 148),
(1460, '菏泽市市辖区', 371701, 149),
(1461, '牡丹区', 371702, 149),
(1462, '定陶区', 371703, 149),
(1463, '曹县', 371721, 149),
(1464, '单县', 371722, 149),
(1465, '成武县', 371723, 149),
(1466, '巨野县', 371724, 149),
(1467, '郓城县', 371725, 149),
(1468, '鄄城县', 371726, 149),
(1469, '东明县', 371728, 149),
(1470, '郑州市市辖区', 410101, 150),
(1471, '中原区', 410102, 150),
(1472, '二七区', 410103, 150),
(1473, '管城回族区', 410104, 150),
(1474, '金水区', 410105, 150),
(1475, '上街区', 410106, 150),
(1476, '惠济区', 410108, 150),
(1477, '中牟县', 410122, 150),
(1478, '巩义市', 410181, 150),
(1479, '荥阳市', 410182, 150),
(1480, '新密市', 410183, 150),
(1481, '新郑市', 410184, 150),
(1482, '登封市', 410185, 150),
(1483, '开封市市辖区', 410201, 151),
(1484, '龙亭区', 410202, 151),
(1485, '顺河回族区', 410203, 151),
(1486, '鼓楼区', 410204, 151),
(1487, '禹王台区', 410205, 151),
(1488, '祥符区', 410212, 151),
(1489, '杞县', 410221, 151),
(1490, '通许县', 410222, 151),
(1491, '尉氏县', 410223, 151),
(1492, '兰考县', 410225, 151),
(1493, '洛阳市市辖区', 410301, 152),
(1494, '老城区', 410302, 152),
(1495, '西工区', 410303, 152),
(1496, '瀍河回族区', 410304, 152),
(1497, '涧西区', 410305, 152),
(1498, '孟津区', 410306, 152),
(1499, '洛龙区', 410311, 152),
(1500, '新安县', 410323, 152),
(1501, '栾川县', 410324, 152),
(1502, '嵩县', 410325, 152),
(1503, '汝阳县', 410326, 152),
(1504, '宜阳县', 410327, 152),
(1505, '洛宁县', 410328, 152),
(1506, '伊川县', 410329, 152),
(1507, '偃师区', 410381, 152),
(1508, '平顶山市市辖区', 410401, 153),
(1509, '新华区', 410402, 153),
(1510, '卫东区', 410403, 153),
(1511, '石龙区', 410404, 153),
(1512, '湛河区', 410411, 153),
(1513, '宝丰县', 410421, 153),
(1514, '叶县', 410422, 153),
(1515, '鲁山县', 410423, 153),
(1516, '郏县', 410425, 153),
(1517, '舞钢市', 410481, 153),
(1518, '汝州市', 410482, 153),
(1519, '安阳市市辖区', 410501, 154),
(1520, '文峰区', 410502, 154),
(1521, '北关区', 410503, 154),
(1522, '殷都区', 410505, 154),
(1523, '龙安区', 410506, 154),
(1524, '安阳县', 410522, 154),
(1525, '汤阴县', 410523, 154),
(1526, '滑县', 410526, 154),
(1527, '内黄县', 410527, 154),
(1528, '林州市', 410581, 154),
(1529, '鹤壁市市辖区', 410601, 155),
(1530, '鹤山区', 410602, 155),
(1531, '山城区', 410603, 155),
(1532, '淇滨区', 410611, 155),
(1533, '浚县', 410621, 155),
(1534, '淇县', 410622, 155),
(1535, '新乡市市辖区', 410701, 156),
(1536, '红旗区', 410702, 156),
(1537, '卫滨区', 410703, 156),
(1538, '凤泉区', 410704, 156),
(1539, '牧野区', 410711, 156),
(1540, '新乡县', 410721, 156),
(1541, '获嘉县', 410724, 156),
(1542, '原阳县', 410725, 156),
(1543, '延津县', 410726, 156),
(1544, '封丘县', 410727, 156),
(1545, '长垣市', 410783, 156),
(1546, '卫辉市', 410781, 156),
(1547, '辉县市', 410782, 156),
(1548, '焦作市市辖区', 410801, 157),
(1549, '解放区', 410802, 157),
(1550, '中站区', 410803, 157),
(1551, '马村区', 410804, 157),
(1552, '山阳区', 410811, 157),
(1553, '修武县', 410821, 157),
(1554, '博爱县', 410822, 157),
(1555, '武陟县', 410823, 157),
(1556, '温县', 410825, 157),
(1557, '沁阳市', 410882, 157),
(1558, '孟州市', 410883, 157),
(1559, '濮阳市市辖区', 410901, 158),
(1560, '华龙区', 410902, 158),
(1561, '清丰县', 410922, 158),
(1562, '南乐县', 410923, 158),
(1563, '范县', 410926, 158),
(1564, '台前县', 410927, 158),
(1565, '濮阳县', 410928, 158),
(1566, '许昌市市辖区', 411001, 159),
(1567, '魏都区', 411002, 159),
(1568, '建安区', 411003, 159),
(1569, '鄢陵县', 411024, 159),
(1570, '襄城县', 411025, 159),
(1571, '禹州市', 411081, 159),
(1572, '长葛市', 411082, 159),
(1573, '漯河市市辖区', 411101, 160),
(1574, '源汇区', 411102, 160),
(1575, '郾城区', 411103, 160),
(1576, '召陵区', 411104, 160),
(1577, '舞阳县', 411121, 160),
(1578, '临颍县', 411122, 160),
(1579, '三门峡市市辖区', 411201, 161),
(1580, '湖滨区', 411202, 161),
(1581, '陕州区', 411203, 161),
(1582, '渑池县', 411221, 161),
(1583, '卢氏县', 411224, 161),
(1584, '义马市', 411281, 161),
(1585, '灵宝市', 411282, 161),
(1586, '南阳市市辖区', 411301, 162),
(1587, '宛城区', 411302, 162),
(1588, '卧龙区', 411303, 162),
(1589, '南召县', 411321, 162),
(1590, '方城县', 411322, 162),
(1591, '西峡县', 411323, 162),
(1592, '镇平县', 411324, 162),
(1593, '内乡县', 411325, 162),
(1594, '淅川县', 411326, 162),
(1595, '社旗县', 411327, 162),
(1596, '唐河县', 411328, 162),
(1597, '新野县', 411329, 162),
(1598, '桐柏县', 411330, 162),
(1599, '邓州市', 411381, 162),
(1600, '商丘市市辖区', 411401, 163),
(1601, '梁园区', 411402, 163),
(1602, '睢阳区', 411403, 163),
(1603, '民权县', 411421, 163),
(1604, '睢县', 411422, 163),
(1605, '宁陵县', 411423, 163),
(1606, '柘城县', 411424, 163),
(1607, '虞城县', 411425, 163),
(1608, '夏邑县', 411426, 163),
(1609, '永城市', 411481, 163),
(1610, '信阳市市辖区', 411501, 164),
(1611, '浉河区', 411502, 164),
(1612, '平桥区', 411503, 164),
(1613, '罗山县', 411521, 164),
(1614, '光山县', 411522, 164),
(1615, '新县', 411523, 164),
(1616, '商城县', 411524, 164),
(1617, '固始县', 411525, 164),
(1618, '潢川县', 411526, 164),
(1619, '淮滨县', 411527, 164),
(1620, '息县', 411528, 164),
(1621, '周口市市辖区', 411601, 165),
(1622, '川汇区', 411602, 165),
(1623, '扶沟县', 411621, 165),
(1624, '西华县', 411622, 165),
(1625, '商水县', 411623, 165),
(1626, '沈丘县', 411624, 165),
(1627, '郸城县', 411625, 165),
(1628, '淮阳区', 411603, 165),
(1629, '太康县', 411627, 165),
(1630, '鹿邑县', 411628, 165),
(1631, '项城市', 411681, 165),
(1632, '驻马店市市辖区', 411701, 166),
(1633, '驿城区', 411702, 166),
(1634, '西平县', 411721, 166),
(1635, '上蔡县', 411722, 166),
(1636, '平舆县', 411723, 166),
(1637, '正阳县', 411724, 166),
(1638, '确山县', 411725, 166),
(1639, '泌阳县', 411726, 166),
(1640, '汝南县', 411727, 166),
(1641, '遂平县', 411728, 166),
(1642, '新蔡县', 411729, 166),
(1643, '武汉市市辖区', 420101, 167),
(1644, '江岸区', 420102, 167),
(1645, '江汉区', 420103, 167),
(1646, '硚口区', 420104, 167),
(1647, '汉阳区', 420105, 167),
(1648, '武昌区', 420106, 167),
(1649, '青山区', 420107, 167),
(1650, '洪山区', 420111, 167),
(1651, '东西湖区', 420112, 167),
(1652, '汉南区', 420113, 167),
(1653, '蔡甸区', 420114, 167),
(1654, '江夏区', 420115, 167),
(1655, '黄陂区', 420116, 167),
(1656, '新洲区', 420117, 167),
(1657, '黄石市市辖区', 420201, 168),
(1658, '黄石港区', 420202, 168),
(1659, '西塞山区', 420203, 168),
(1660, '下陆区', 420204, 168),
(1661, '铁山区', 420205, 168),
(1662, '阳新县', 420222, 168),
(1663, '大冶市', 420281, 168),
(1664, '十堰市市辖区', 420301, 169),
(1665, '茅箭区', 420302, 169),
(1666, '张湾区', 420303, 169),
(1667, '郧阳区', 420304, 169),
(1668, '郧西县', 420322, 169),
(1669, '竹山县', 420323, 169),
(1670, '竹溪县', 420324, 169),
(1671, '房县', 420325, 169),
(1672, '丹江口市', 420381, 169),
(1673, '宜昌市市辖区', 420501, 170),
(1674, '西陵区', 420502, 170),
(1675, '伍家岗区', 420503, 170),
(1676, '点军区', 420504, 170),
(1677, '猇亭区', 420505, 170),
(1678, '夷陵区', 420506, 170),
(1679, '远安县', 420525, 170),
(1680, '兴山县', 420526, 170),
(1681, '秭归县', 420527, 170),
(1682, '长阳土家族自治县', 420528, 170),
(1683, '五峰土家族自治县', 420529, 170),
(1684, '宜都市', 420581, 170),
(1685, '当阳市', 420582, 170),
(1686, '枝江市', 420583, 170),
(1687, '襄阳市市辖区', 420601, 171),
(1688, '襄城区', 420602, 171),
(1689, '樊城区', 420606, 171),
(1690, '襄州区', 420607, 171),
(1691, '南漳县', 420624, 171),
(1692, '谷城县', 420625, 171),
(1693, '保康县', 420626, 171),
(1694, '老河口市', 420682, 171),
(1695, '枣阳市', 420683, 171),
(1696, '宜城市', 420684, 171),
(1697, '鄂州市市辖区', 420701, 172),
(1698, '梁子湖区', 420702, 172),
(1699, '华容区', 420703, 172),
(1700, '鄂城区', 420704, 172),
(1701, '荆门市市辖区', 420801, 173),
(1702, '东宝区', 420802, 173),
(1703, '掇刀区', 420804, 173),
(1704, '京山市', 420882, 173),
(1705, '沙洋县', 420822, 173),
(1706, '钟祥市', 420881, 173),
(1707, '孝感市市辖区', 420901, 174),
(1708, '孝南区', 420902, 174),
(1709, '孝昌县', 420921, 174),
(1710, '大悟县', 420922, 174),
(1711, '云梦县', 420923, 174),
(1712, '应城市', 420981, 174),
(1713, '安陆市', 420982, 174),
(1714, '汉川市', 420984, 174),
(1715, '荆州市市辖区', 421001, 175),
(1716, '沙市区', 421002, 175),
(1717, '荆州区', 421003, 175),
(1718, '公安县', 421022, 175),
(1719, '监利市', 421023, 175),
(1720, '江陵县', 421024, 175),
(1721, '石首市', 421081, 175),
(1722, '洪湖市', 421083, 175),
(1723, '松滋市', 421087, 175),
(1724, '黄冈市市辖区', 421101, 176),
(1725, '黄州区', 421102, 176),
(1726, '团风县', 421121, 176),
(1727, '红安县', 421122, 176),
(1728, '罗田县', 421123, 176),
(1729, '英山县', 421124, 176),
(1730, '浠水县', 421125, 176),
(1731, '蕲春县', 421126, 176),
(1732, '黄梅县', 421127, 176),
(1733, '麻城市', 421181, 176),
(1734, '武穴市', 421182, 176),
(1735, '咸宁市市辖区', 421201, 177),
(1736, '咸安区', 421202, 177),
(1737, '嘉鱼县', 421221, 177),
(1738, '通城县', 421222, 177),
(1739, '崇阳县', 421223, 177),
(1740, '通山县', 421224, 177),
(1741, '赤壁市', 421281, 177),
(1742, '随州市市辖区', 421301, 178),
(1743, '曾都区', 421303, 178),
(1744, '随县', 421321, 178),
(1745, '广水市', 421381, 178),
(1746, '恩施市', 422801, 179),
(1747, '利川市', 422802, 179),
(1748, '建始县', 422822, 179),
(1749, '巴东县', 422823, 179),
(1750, '宣恩县', 422825, 179),
(1751, '咸丰县', 422826, 179),
(1752, '来凤县', 422827, 179),
(1753, '鹤峰县', 422828, 179),
(1754, '长沙市市辖区', 430101, 180),
(1755, '芙蓉区', 430102, 180),
(1756, '天心区', 430103, 180),
(1757, '岳麓区', 430104, 180),
(1758, '开福区', 430105, 180),
(1759, '雨花区', 430111, 180),
(1760, '望城区', 430112, 180),
(1761, '长沙县', 430121, 180),
(1762, '浏阳市', 430181, 180),
(1763, '宁乡市', 430182, 180),
(1764, '株洲市市辖区', 430201, 181),
(1765, '荷塘区', 430202, 181),
(1766, '芦淞区', 430203, 181),
(1767, '石峰区', 430204, 181),
(1768, '天元区', 430211, 181),
(1769, '渌口区', 430212, 181),
(1770, '攸县', 430223, 181),
(1771, '茶陵县', 430224, 181),
(1772, '炎陵县', 430225, 181),
(1773, '醴陵市', 430281, 181),
(1774, '湘潭市市辖区', 430301, 182),
(1775, '雨湖区', 430302, 182),
(1776, '岳塘区', 430304, 182),
(1777, '湘潭县', 430321, 182),
(1778, '湘乡市', 430381, 182),
(1779, '韶山市', 430382, 182),
(1780, '衡阳市市辖区', 430401, 183),
(1781, '珠晖区', 430405, 183),
(1782, '雁峰区', 430406, 183),
(1783, '石鼓区', 430407, 183),
(1784, '蒸湘区', 430408, 183),
(1785, '南岳区', 430412, 183),
(1786, '衡阳县', 430421, 183),
(1787, '衡南县', 430422, 183),
(1788, '衡山县', 430423, 183),
(1789, '衡东县', 430424, 183),
(1790, '祁东县', 430426, 183),
(1791, '耒阳市', 430481, 183),
(1792, '常宁市', 430482, 183),
(1793, '邵阳市市辖区', 430501, 184),
(1794, '双清区', 430502, 184),
(1795, '大祥区', 430503, 184),
(1796, '北塔区', 430511, 184),
(1797, '邵东市', 430582, 184),
(1798, '新邵县', 430522, 184),
(1799, '邵阳县', 430523, 184),
(1800, '隆回县', 430524, 184),
(1801, '洞口县', 430525, 184),
(1802, '绥宁县', 430527, 184),
(1803, '新宁县', 430528, 184),
(1804, '城步苗族自治县', 430529, 184),
(1805, '武冈市', 430581, 184),
(1806, '岳阳市市辖区', 430601, 185),
(1807, '岳阳楼区', 430602, 185),
(1808, '云溪区', 430603, 185),
(1809, '君山区', 430611, 185),
(1810, '岳阳县', 430621, 185),
(1811, '华容县', 430623, 185),
(1812, '湘阴县', 430624, 185),
(1813, '平江县', 430626, 185),
(1814, '汨罗市', 430681, 185),
(1815, '临湘市', 430682, 185),
(1816, '常德市市辖区', 430701, 186),
(1817, '武陵区', 430702, 186),
(1818, '鼎城区', 430703, 186),
(1819, '安乡县', 430721, 186),
(1820, '汉寿县', 430722, 186),
(1821, '澧县', 430723, 186),
(1822, '临澧县', 430724, 186),
(1823, '桃源县', 430725, 186),
(1824, '石门县', 430726, 186),
(1825, '津市市', 430781, 186),
(1826, '张家界市市辖区', 430801, 187),
(1827, '永定区', 430802, 187),
(1828, '武陵源区', 430811, 187),
(1829, '慈利县', 430821, 187),
(1830, '桑植县', 430822, 187),
(1831, '益阳市市辖区', 430901, 188),
(1832, '资阳区', 430902, 188),
(1833, '赫山区', 430903, 188),
(1834, '南县', 430921, 188),
(1835, '桃江县', 430922, 188),
(1836, '安化县', 430923, 188),
(1837, '沅江市', 430981, 188),
(1838, '郴州市市辖区', 431001, 189),
(1839, '北湖区', 431002, 189),
(1840, '苏仙区', 431003, 189),
(1841, '桂阳县', 431021, 189),
(1842, '宜章县', 431022, 189),
(1843, '永兴县', 431023, 189),
(1844, '嘉禾县', 431024, 189),
(1845, '临武县', 431025, 189),
(1846, '汝城县', 431026, 189),
(1847, '桂东县', 431027, 189),
(1848, '安仁县', 431028, 189),
(1849, '资兴市', 431081, 189),
(1850, '永州市市辖区', 431101, 190),
(1851, '零陵区', 431102, 190),
(1852, '冷水滩区', 431103, 190),
(1853, '祁阳市', 431121, 190),
(1854, '东安县', 431122, 190),
(1855, '双牌县', 431123, 190),
(1856, '道县', 431124, 190),
(1857, '江永县', 431125, 190),
(1858, '宁远县', 431126, 190),
(1859, '蓝山县', 431127, 190),
(1860, '新田县', 431128, 190),
(1861, '江华瑶族自治县', 431129, 190),
(1862, '怀化市市辖区', 431201, 191),
(1863, '鹤城区', 431202, 191),
(1864, '中方县', 431221, 191),
(1865, '沅陵县', 431222, 191),
(1866, '辰溪县', 431223, 191),
(1867, '溆浦县', 431224, 191),
(1868, '会同县', 431225, 191),
(1869, '麻阳苗族自治县', 431226, 191),
(1870, '新晃侗族自治县', 431227, 191),
(1871, '芷江侗族自治县', 431228, 191),
(1872, '靖州苗族侗族自治县', 431229, 191),
(1873, '通道侗族自治县', 431230, 191),
(1874, '洪江市', 431281, 191),
(1875, '娄底市市辖区', 431301, 192),
(1876, '娄星区', 431302, 192),
(1877, '双峰县', 431321, 192),
(1878, '新化县', 431322, 192),
(1879, '冷水江市', 431381, 192),
(1880, '涟源市', 431382, 192),
(1881, '吉首市', 433101, 193),
(1882, '泸溪县', 433122, 193),
(1883, '凤凰县', 433123, 193),
(1884, '花垣县', 433124, 193),
(1885, '保靖县', 433125, 193),
(1886, '古丈县', 433126, 193),
(1887, '永顺县', 433127, 193),
(1888, '龙山县', 433130, 193),
(1889, '广州市市辖区', 440101, 194),
(1890, '荔湾区', 440103, 194),
(1891, '越秀区', 440104, 194),
(1892, '海珠区', 440105, 194),
(1893, '天河区', 440106, 194),
(1894, '白云区', 440111, 194),
(1895, '黄埔区', 440112, 194),
(1896, '番禺区', 440113, 194),
(1897, '花都区', 440114, 194),
(1898, '南沙区', 440115, 194),
(1899, '从化区', 440117, 194),
(1900, '增城区', 440118, 194),
(1901, '韶关市市辖区', 440201, 195),
(1902, '武江区', 440203, 195),
(1903, '浈江区', 440204, 195),
(1904, '曲江区', 440205, 195),
(1905, '始兴县', 440222, 195),
(1906, '仁化县', 440224, 195),
(1907, '翁源县', 440229, 195),
(1908, '乳源瑶族自治县', 440232, 195),
(1909, '新丰县', 440233, 195),
(1910, '乐昌市', 440281, 195),
(1911, '南雄市', 440282, 195),
(1912, '深圳市市辖区', 440301, 196),
(1913, '罗湖区', 440303, 196),
(1914, '福田区', 440304, 196),
(1915, '南山区', 440305, 196),
(1916, '宝安区', 440306, 196),
(1917, '龙岗区', 440307, 196),
(1918, '盐田区', 440308, 196),
(1919, '龙华区', 440309, 196),
(1920, '坪山区', 440310, 196),
(1921, '光明区', 440311, 196),
(1922, '珠海市市辖区', 440401, 197),
(1923, '香洲区', 440402, 197),
(1924, '斗门区', 440403, 197),
(1925, '金湾区', 440404, 197),
(1926, '汕头市市辖区', 440501, 198),
(1927, '龙湖区', 440507, 198),
(1928, '金平区', 440511, 198),
(1929, '濠江区', 440512, 198),
(1930, '潮阳区', 440513, 198),
(1931, '潮南区', 440514, 198),
(1932, '澄海区', 440515, 198),
(1933, '南澳县', 440523, 198),
(1934, '佛山市市辖区', 440601, 199),
(1935, '禅城区', 440604, 199),
(1936, '南海区', 440605, 199),
(1937, '顺德区', 440606, 199),
(1938, '三水区', 440607, 199),
(1939, '高明区', 440608, 199),
(1940, '江门市市辖区', 440701, 200),
(1941, '蓬江区', 440703, 200),
(1942, '江海区', 440704, 200),
(1943, '新会区', 440705, 200),
(1944, '台山市', 440781, 200),
(1945, '开平市', 440783, 200),
(1946, '鹤山市', 440784, 200),
(1947, '恩平市', 440785, 200),
(1948, '湛江市市辖区', 440801, 201),
(1949, '赤坎区', 440802, 201),
(1950, '霞山区', 440803, 201),
(1951, '坡头区', 440804, 201),
(1952, '麻章区', 440811, 201),
(1953, '遂溪县', 440823, 201),
(1954, '徐闻县', 440825, 201),
(1955, '廉江市', 440881, 201),
(1956, '雷州市', 440882, 201),
(1957, '吴川市', 440883, 201),
(1958, '茂名市市辖区', 440901, 202),
(1959, '茂南区', 440902, 202),
(1960, '电白区', 440904, 202),
(1961, '高州市', 440981, 202),
(1962, '化州市', 440982, 202),
(1963, '信宜市', 440983, 202),
(1964, '肇庆市市辖区', 441201, 203),
(1965, '端州区', 441202, 203),
(1966, '鼎湖区', 441203, 203),
(1967, '高要区', 441204, 203),
(1968, '广宁县', 441223, 203),
(1969, '怀集县', 441224, 203),
(1970, '封开县', 441225, 203),
(1971, '德庆县', 441226, 203),
(1972, '四会市', 441284, 203),
(1973, '惠州市市辖区', 441301, 204);
INSERT INTO `district` (`id`, `district_name`, `adcode`, `city_id`) VALUES
(1974, '惠城区', 441302, 204),
(1975, '惠阳区', 441303, 204),
(1976, '博罗县', 441322, 204),
(1977, '惠东县', 441323, 204),
(1978, '龙门县', 441324, 204),
(1979, '梅州市市辖区', 441401, 205),
(1980, '梅江区', 441402, 205),
(1981, '梅县区', 441403, 205),
(1982, '大埔县', 441422, 205),
(1983, '丰顺县', 441423, 205),
(1984, '五华县', 441424, 205),
(1985, '平远县', 441426, 205),
(1986, '蕉岭县', 441427, 205),
(1987, '兴宁市', 441481, 205),
(1988, '汕尾市市辖区', 441501, 206),
(1989, '城区', 441502, 206),
(1990, '海丰县', 441521, 206),
(1991, '陆河县', 441523, 206),
(1992, '陆丰市', 441581, 206),
(1993, '河源市市辖区', 441601, 207),
(1994, '源城区', 441602, 207),
(1995, '紫金县', 441621, 207),
(1996, '龙川县', 441622, 207),
(1997, '连平县', 441623, 207),
(1998, '和平县', 441624, 207),
(1999, '东源县', 441625, 207),
(2000, '阳江市市辖区', 441701, 208),
(2001, '江城区', 441702, 208),
(2002, '阳东区', 441704, 208),
(2003, '阳西县', 441721, 208),
(2004, '阳春市', 441781, 208),
(2005, '清远市市辖区', 441801, 209),
(2006, '清城区', 441802, 209),
(2007, '清新区', 441803, 209),
(2008, '佛冈县', 441821, 209),
(2009, '阳山县', 441823, 209),
(2010, '连山壮族瑶族自治县', 441825, 209),
(2011, '连南瑶族自治县', 441826, 209),
(2012, '英德市', 441881, 209),
(2013, '连州市', 441882, 209),
(2014, '潮州市市辖区', 445101, 212),
(2015, '湘桥区', 445102, 212),
(2016, '潮安区', 445103, 212),
(2017, '饶平县', 445122, 212),
(2018, '揭阳市市辖区', 445201, 213),
(2019, '榕城区', 445202, 213),
(2020, '揭东区', 445203, 213),
(2021, '揭西县', 445222, 213),
(2022, '惠来县', 445224, 213),
(2023, '普宁市', 445281, 213),
(2024, '云浮市市辖区', 445301, 214),
(2025, '云城区', 445302, 214),
(2026, '云安区', 445303, 214),
(2027, '新兴县', 445321, 214),
(2028, '郁南县', 445322, 214),
(2029, '罗定市', 445381, 214),
(2030, '南宁市市辖区', 450101, 215),
(2031, '兴宁区', 450102, 215),
(2032, '青秀区', 450103, 215),
(2033, '江南区', 450105, 215),
(2034, '西乡塘区', 450107, 215),
(2035, '良庆区', 450108, 215),
(2036, '邕宁区', 450109, 215),
(2037, '武鸣区', 450110, 215),
(2038, '隆安县', 450123, 215),
(2039, '马山县', 450124, 215),
(2040, '上林县', 450125, 215),
(2041, '宾阳县', 450126, 215),
(2042, '横县', 450127, 215),
(2043, '柳州市市辖区', 450201, 216),
(2044, '城中区', 450202, 216),
(2045, '鱼峰区', 450203, 216),
(2046, '柳南区', 450204, 216),
(2047, '柳北区', 450205, 216),
(2048, '柳江区', 450206, 216),
(2049, '柳城县', 450222, 216),
(2050, '鹿寨县', 450223, 216),
(2051, '融安县', 450224, 216),
(2052, '融水苗族自治县', 450225, 216),
(2053, '三江侗族自治县', 450226, 216),
(2054, '桂林市市辖区', 450301, 217),
(2055, '秀峰区', 450302, 217),
(2056, '叠彩区', 450303, 217),
(2057, '象山区', 450304, 217),
(2058, '七星区', 450305, 217),
(2059, '雁山区', 450311, 217),
(2060, '临桂区', 450312, 217),
(2061, '阳朔县', 450321, 217),
(2062, '灵川县', 450323, 217),
(2063, '全州县', 450324, 217),
(2064, '兴安县', 450325, 217),
(2065, '永福县', 450326, 217),
(2066, '灌阳县', 450327, 217),
(2067, '龙胜各族自治县', 450328, 217),
(2068, '资源县', 450329, 217),
(2069, '平乐县', 450330, 217),
(2070, '荔浦市', 450381, 217),
(2071, '恭城瑶族自治县', 450332, 217),
(2072, '梧州市市辖区', 450401, 218),
(2073, '万秀区', 450403, 218),
(2074, '长洲区', 450405, 218),
(2075, '龙圩区', 450406, 218),
(2076, '苍梧县', 450421, 218),
(2077, '藤县', 450422, 218),
(2078, '蒙山县', 450423, 218),
(2079, '岑溪市', 450481, 218),
(2080, '北海市市辖区', 450501, 219),
(2081, '海城区', 450502, 219),
(2082, '银海区', 450503, 219),
(2083, '铁山港区', 450512, 219),
(2084, '合浦县', 450521, 219),
(2085, '防城港市市辖区', 450601, 220),
(2086, '港口区', 450602, 220),
(2087, '防城区', 450603, 220),
(2088, '上思县', 450621, 220),
(2089, '东兴市', 450681, 220),
(2090, '钦州市市辖区', 450701, 221),
(2091, '钦南区', 450702, 221),
(2092, '钦北区', 450703, 221),
(2093, '灵山县', 450721, 221),
(2094, '浦北县', 450722, 221),
(2095, '贵港市市辖区', 450801, 222),
(2096, '港北区', 450802, 222),
(2097, '港南区', 450803, 222),
(2098, '覃塘区', 450804, 222),
(2099, '平南县', 450821, 222),
(2100, '桂平市', 450881, 222),
(2101, '玉林市市辖区', 450901, 223),
(2102, '玉州区', 450902, 223),
(2103, '福绵区', 450903, 223),
(2104, '容县', 450921, 223),
(2105, '陆川县', 450922, 223),
(2106, '博白县', 450923, 223),
(2107, '兴业县', 450924, 223),
(2108, '北流市', 450981, 223),
(2109, '百色市市辖区', 451001, 224),
(2110, '右江区', 451002, 224),
(2111, '田阳区', 451003, 224),
(2112, '田东县', 451022, 224),
(2113, '平果市', 451082, 224),
(2114, '德保县', 451024, 224),
(2115, '那坡县', 451026, 224),
(2116, '凌云县', 451027, 224),
(2117, '乐业县', 451028, 224),
(2118, '田林县', 451029, 224),
(2119, '西林县', 451030, 224),
(2120, '隆林各族自治县', 451031, 224),
(2121, '靖西市', 451081, 224),
(2122, '贺州市市辖区', 451101, 225),
(2123, '八步区', 451102, 225),
(2124, '平桂区', 451103, 225),
(2125, '昭平县', 451121, 225),
(2126, '钟山县', 451122, 225),
(2127, '富川瑶族自治县', 451123, 225),
(2128, '河池市市辖区', 451201, 226),
(2129, '金城江区', 451202, 226),
(2130, '宜州区', 451203, 226),
(2131, '南丹县', 451221, 226),
(2132, '天峨县', 451222, 226),
(2133, '凤山县', 451223, 226),
(2134, '东兰县', 451224, 226),
(2135, '罗城仫佬族自治县', 451225, 226),
(2136, '环江毛南族自治县', 451226, 226),
(2137, '巴马瑶族自治县', 451227, 226),
(2138, '都安瑶族自治县', 451228, 226),
(2139, '大化瑶族自治县', 451229, 226),
(2140, '来宾市市辖区', 451301, 227),
(2141, '兴宾区', 451302, 227),
(2142, '忻城县', 451321, 227),
(2143, '象州县', 451322, 227),
(2144, '武宣县', 451323, 227),
(2145, '金秀瑶族自治县', 451324, 227),
(2146, '合山市', 451381, 227),
(2147, '崇左市市辖区', 451401, 228),
(2148, '江州区', 451402, 228),
(2149, '扶绥县', 451421, 228),
(2150, '宁明县', 451422, 228),
(2151, '龙州县', 451423, 228),
(2152, '大新县', 451424, 228),
(2153, '天等县', 451425, 228),
(2154, '凭祥市', 451481, 228),
(2155, '海口市市辖区', 460101, 229),
(2156, '秀英区', 460105, 229),
(2157, '龙华区', 460106, 229),
(2158, '琼山区', 460107, 229),
(2159, '美兰区', 460108, 229),
(2160, '三亚市市辖区', 460201, 230),
(2161, '海棠区', 460202, 230),
(2162, '吉阳区', 460203, 230),
(2163, '天涯区', 460204, 230),
(2164, '崖州区', 460205, 230),
(2165, '西沙区', 460301, 231),
(2166, '南沙区', 460302, 231),
(2167, '万州区', 500101, 233),
(2168, '涪陵区', 500102, 233),
(2169, '渝中区', 500103, 233),
(2170, '大渡口区', 500104, 233),
(2171, '江北区', 500105, 233),
(2172, '沙坪坝区', 500106, 233),
(2173, '九龙坡区', 500107, 233),
(2174, '南岸区', 500108, 233),
(2175, '北碚区', 500109, 233),
(2176, '綦江区', 500110, 233),
(2177, '大足区', 500111, 233),
(2178, '渝北区', 500112, 233),
(2179, '巴南区', 500113, 233),
(2180, '黔江区', 500114, 233),
(2181, '长寿区', 500115, 233),
(2182, '江津区', 500116, 233),
(2183, '合川区', 500117, 233),
(2184, '永川区', 500118, 233),
(2185, '南川区', 500119, 233),
(2186, '璧山区', 500120, 233),
(2187, '铜梁区', 500151, 233),
(2188, '潼南区', 500152, 233),
(2189, '荣昌区', 500153, 233),
(2190, '开州区', 500154, 233),
(2191, '梁平区', 500155, 233),
(2192, '武隆区', 500156, 233),
(2193, '城口县', 500229, 234),
(2194, '丰都县', 500230, 234),
(2195, '垫江县', 500231, 234),
(2196, '忠县', 500233, 234),
(2197, '云阳县', 500235, 234),
(2198, '奉节县', 500236, 234),
(2199, '巫山县', 500237, 234),
(2200, '巫溪县', 500238, 234),
(2201, '石柱土家族自治县', 500240, 234),
(2202, '秀山土家族苗族自治县', 500241, 234),
(2203, '酉阳土家族苗族自治县', 500242, 234),
(2204, '彭水苗族土家族自治县', 500243, 234),
(2205, '成都市市辖区', 510101, 235),
(2206, '锦江区', 510104, 235),
(2207, '青羊区', 510105, 235),
(2208, '金牛区', 510106, 235),
(2209, '武侯区', 510107, 235),
(2210, '成华区', 510108, 235),
(2211, '龙泉驿区', 510112, 235),
(2212, '青白江区', 510113, 235),
(2213, '新都区', 510114, 235),
(2214, '温江区', 510115, 235),
(2215, '双流区', 510116, 235),
(2216, '郫都区', 510117, 235),
(2217, '金堂县', 510121, 235),
(2218, '大邑县', 510129, 235),
(2219, '蒲江县', 510131, 235),
(2220, '新津区', 510118, 235),
(2221, '都江堰市', 510181, 235),
(2222, '彭州市', 510182, 235),
(2223, '邛崃市', 510183, 235),
(2224, '崇州市', 510184, 235),
(2225, '简阳市', 510185, 235),
(2226, '自贡市市辖区', 510301, 236),
(2227, '自流井区', 510302, 236),
(2228, '贡井区', 510303, 236),
(2229, '大安区', 510304, 236),
(2230, '沿滩区', 510311, 236),
(2231, '荣县', 510321, 236),
(2232, '富顺县', 510322, 236),
(2233, '攀枝花市市辖区', 510401, 237),
(2234, '东区', 510402, 237),
(2235, '西区', 510403, 237),
(2236, '仁和区', 510411, 237),
(2237, '米易县', 510421, 237),
(2238, '盐边县', 510422, 237),
(2239, '泸州市市辖区', 510501, 238),
(2240, '江阳区', 510502, 238),
(2241, '纳溪区', 510503, 238),
(2242, '龙马潭区', 510504, 238),
(2243, '泸县', 510521, 238),
(2244, '合江县', 510522, 238),
(2245, '叙永县', 510524, 238),
(2246, '古蔺县', 510525, 238),
(2247, '德阳市市辖区', 510601, 239),
(2248, '旌阳区', 510603, 239),
(2249, '中江县', 510623, 239),
(2250, '罗江区', 510604, 239),
(2251, '广汉市', 510681, 239),
(2252, '什邡市', 510682, 239),
(2253, '绵竹市', 510683, 239),
(2254, '绵阳市市辖区', 510701, 240),
(2255, '涪城区', 510703, 240),
(2256, '游仙区', 510704, 240),
(2257, '安州区', 510705, 240),
(2258, '三台县', 510722, 240),
(2259, '盐亭县', 510723, 240),
(2260, '梓潼县', 510725, 240),
(2261, '北川羌族自治县', 510726, 240),
(2262, '平武县', 510727, 240),
(2263, '江油市', 510781, 240),
(2264, '广元市市辖区', 510801, 241),
(2265, '利州区', 510802, 241),
(2266, '昭化区', 510811, 241),
(2267, '朝天区', 510812, 241),
(2268, '旺苍县', 510821, 241),
(2269, '青川县', 510822, 241),
(2270, '剑阁县', 510823, 241),
(2271, '苍溪县', 510824, 241),
(2272, '遂宁市市辖区', 510901, 242),
(2273, '船山区', 510903, 242),
(2274, '安居区', 510904, 242),
(2275, '蓬溪县', 510921, 242),
(2276, '射洪市', 510981, 242),
(2277, '大英县', 510923, 242),
(2278, '内江市市辖区', 511001, 243),
(2279, '市中区', 511002, 243),
(2280, '东兴区', 511011, 243),
(2281, '威远县', 511024, 243),
(2282, '资中县', 511025, 243),
(2283, '隆昌市', 511083, 243),
(2284, '乐山市市辖区', 511101, 244),
(2285, '市中区', 511102, 244),
(2286, '沙湾区', 511111, 244),
(2287, '五通桥区', 511112, 244),
(2288, '金口河区', 511113, 244),
(2289, '犍为县', 511123, 244),
(2290, '井研县', 511124, 244),
(2291, '夹江县', 511126, 244),
(2292, '沐川县', 511129, 244),
(2293, '峨边彝族自治县', 511132, 244),
(2294, '马边彝族自治县', 511133, 244),
(2295, '峨眉山市', 511181, 244),
(2296, '南充市市辖区', 511301, 245),
(2297, '顺庆区', 511302, 245),
(2298, '高坪区', 511303, 245),
(2299, '嘉陵区', 511304, 245),
(2300, '南部县', 511321, 245),
(2301, '营山县', 511322, 245),
(2302, '蓬安县', 511323, 245),
(2303, '仪陇县', 511324, 245),
(2304, '西充县', 511325, 245),
(2305, '阆中市', 511381, 245),
(2306, '眉山市市辖区', 511401, 246),
(2307, '东坡区', 511402, 246),
(2308, '彭山区', 511403, 246),
(2309, '仁寿县', 511421, 246),
(2310, '洪雅县', 511423, 246),
(2311, '丹棱县', 511424, 246),
(2312, '青神县', 511425, 246),
(2313, '宜宾市市辖区', 511501, 247),
(2314, '翠屏区', 511502, 247),
(2315, '南溪区', 511503, 247),
(2316, '叙州区', 511504, 247),
(2317, '江安县', 511523, 247),
(2318, '长宁县', 511524, 247),
(2319, '高县', 511525, 247),
(2320, '珙县', 511526, 247),
(2321, '筠连县', 511527, 247),
(2322, '兴文县', 511528, 247),
(2323, '屏山县', 511529, 247),
(2324, '广安市市辖区', 511601, 248),
(2325, '广安区', 511602, 248),
(2326, '前锋区', 511603, 248),
(2327, '岳池县', 511621, 248),
(2328, '武胜县', 511622, 248),
(2329, '邻水县', 511623, 248),
(2330, '华蓥市', 511681, 248),
(2331, '达州市市辖区', 511701, 249),
(2332, '通川区', 511702, 249),
(2333, '达川区', 511703, 249),
(2334, '宣汉县', 511722, 249),
(2335, '开江县', 511723, 249),
(2336, '大竹县', 511724, 249),
(2337, '渠县', 511725, 249),
(2338, '万源市', 511781, 249),
(2339, '雅安市市辖区', 511801, 250),
(2340, '雨城区', 511802, 250),
(2341, '名山区', 511803, 250),
(2342, '荥经县', 511822, 250),
(2343, '汉源县', 511823, 250),
(2344, '石棉县', 511824, 250),
(2345, '天全县', 511825, 250),
(2346, '芦山县', 511826, 250),
(2347, '宝兴县', 511827, 250),
(2348, '巴中市市辖区', 511901, 251),
(2349, '巴州区', 511902, 251),
(2350, '恩阳区', 511903, 251),
(2351, '通江县', 511921, 251),
(2352, '南江县', 511922, 251),
(2353, '平昌县', 511923, 251),
(2354, '资阳市市辖区', 512001, 252),
(2355, '雁江区', 512002, 252),
(2356, '安岳县', 512021, 252),
(2357, '乐至县', 512022, 252),
(2358, '马尔康市', 513201, 253),
(2359, '汶川县', 513221, 253),
(2360, '理县', 513222, 253),
(2361, '茂县', 513223, 253),
(2362, '松潘县', 513224, 253),
(2363, '九寨沟县', 513225, 253),
(2364, '金川县', 513226, 253),
(2365, '小金县', 513227, 253),
(2366, '黑水县', 513228, 253),
(2367, '壤塘县', 513230, 253),
(2368, '阿坝县', 513231, 253),
(2369, '若尔盖县', 513232, 253),
(2370, '红原县', 513233, 253),
(2371, '康定市', 513301, 254),
(2372, '泸定县', 513322, 254),
(2373, '丹巴县', 513323, 254),
(2374, '九龙县', 513324, 254),
(2375, '雅江县', 513325, 254),
(2376, '道孚县', 513326, 254),
(2377, '炉霍县', 513327, 254),
(2378, '甘孜县', 513328, 254),
(2379, '新龙县', 513329, 254),
(2380, '德格县', 513330, 254),
(2381, '白玉县', 513331, 254),
(2382, '石渠县', 513332, 254),
(2383, '色达县', 513333, 254),
(2384, '理塘县', 513334, 254),
(2385, '巴塘县', 513335, 254),
(2386, '乡城县', 513336, 254),
(2387, '稻城县', 513337, 254),
(2388, '得荣县', 513338, 254),
(2389, '西昌市', 513401, 255),
(2390, '木里藏族自治县', 513422, 255),
(2391, '盐源县', 513423, 255),
(2392, '德昌县', 513424, 255),
(2393, '会理县', 513425, 255),
(2394, '会东县', 513426, 255),
(2395, '宁南县', 513427, 255),
(2396, '普格县', 513428, 255),
(2397, '布拖县', 513429, 255),
(2398, '金阳县', 513430, 255),
(2399, '昭觉县', 513431, 255),
(2400, '喜德县', 513432, 255),
(2401, '冕宁县', 513433, 255),
(2402, '越西县', 513434, 255),
(2403, '甘洛县', 513435, 255),
(2404, '美姑县', 513436, 255),
(2405, '雷波县', 513437, 255),
(2406, '贵阳市市辖区', 520101, 256),
(2407, '南明区', 520102, 256),
(2408, '云岩区', 520103, 256),
(2409, '花溪区', 520111, 256),
(2410, '乌当区', 520112, 256),
(2411, '白云区', 520113, 256),
(2412, '观山湖区', 520115, 256),
(2413, '开阳县', 520121, 256),
(2414, '息烽县', 520122, 256),
(2415, '修文县', 520123, 256),
(2416, '清镇市', 520181, 256),
(2417, '钟山区', 520201, 257),
(2418, '六枝特区', 520203, 257),
(2419, '水城区', 520221, 257),
(2420, '盘州市', 520281, 257),
(2421, '遵义市市辖区', 520301, 258),
(2422, '红花岗区', 520302, 258),
(2423, '汇川区', 520303, 258),
(2424, '播州区', 520304, 258),
(2425, '桐梓县', 520322, 258),
(2426, '绥阳县', 520323, 258),
(2427, '正安县', 520324, 258),
(2428, '道真仡佬族苗族自治县', 520325, 258),
(2429, '务川仡佬族苗族自治县', 520326, 258),
(2430, '凤冈县', 520327, 258),
(2431, '湄潭县', 520328, 258),
(2432, '余庆县', 520329, 258),
(2433, '习水县', 520330, 258),
(2434, '赤水市', 520381, 258),
(2435, '仁怀市', 520382, 258),
(2436, '安顺市市辖区', 520401, 259),
(2437, '西秀区', 520402, 259),
(2438, '平坝区', 520403, 259),
(2439, '普定县', 520422, 259),
(2440, '镇宁布依族苗族自治县', 520423, 259),
(2441, '关岭布依族苗族自治县', 520424, 259),
(2442, '紫云苗族布依族自治县', 520425, 259),
(2443, '七星关区', 520502, 260),
(2444, '大方县', 520521, 260),
(2445, '黔西市', 520522, 260),
(2446, '金沙县', 520523, 260),
(2447, '织金县', 520524, 260),
(2448, '纳雍县', 520525, 260),
(2449, '威宁彝族回族苗族自治县', 520526, 260),
(2450, '赫章县', 520527, 260),
(2451, '碧江区', 520602, 261),
(2452, '万山区', 520603, 261),
(2453, '江口县', 520621, 261),
(2454, '玉屏侗族自治县', 520622, 261),
(2455, '石阡县', 520623, 261),
(2456, '思南县', 520624, 261),
(2457, '印江土家族苗族自治县', 520625, 261),
(2458, '德江县', 520626, 261),
(2459, '沿河土家族自治县', 520627, 261),
(2460, '松桃苗族自治县', 520628, 261),
(2461, '兴义市', 522301, 262),
(2462, '兴仁市', 522302, 262),
(2463, '普安县', 522323, 262),
(2464, '晴隆县', 522324, 262),
(2465, '贞丰县', 522325, 262),
(2466, '望谟县', 522326, 262),
(2467, '册亨县', 522327, 262),
(2468, '安龙县', 522328, 262),
(2469, '凯里市', 522601, 263),
(2470, '黄平县', 522622, 263),
(2471, '施秉县', 522623, 263),
(2472, '三穗县', 522624, 263),
(2473, '镇远县', 522625, 263),
(2474, '岑巩县', 522626, 263),
(2475, '天柱县', 522627, 263),
(2476, '锦屏县', 522628, 263),
(2477, '剑河县', 522629, 263),
(2478, '台江县', 522630, 263),
(2479, '黎平县', 522631, 263),
(2480, '榕江县', 522632, 263),
(2481, '从江县', 522633, 263),
(2482, '雷山县', 522634, 263),
(2483, '麻江县', 522635, 263),
(2484, '丹寨县', 522636, 263),
(2485, '都匀市', 522701, 264),
(2486, '福泉市', 522702, 264),
(2487, '荔波县', 522722, 264),
(2488, '贵定县', 522723, 264),
(2489, '瓮安县', 522725, 264),
(2490, '独山县', 522726, 264),
(2491, '平塘县', 522727, 264),
(2492, '罗甸县', 522728, 264),
(2493, '长顺县', 522729, 264),
(2494, '龙里县', 522730, 264),
(2495, '惠水县', 522731, 264),
(2496, '三都水族自治县', 522732, 264),
(2497, '昆明市市辖区', 530101, 265),
(2498, '五华区', 530102, 265),
(2499, '盘龙区', 530103, 265),
(2500, '官渡区', 530111, 265),
(2501, '西山区', 530112, 265),
(2502, '东川区', 530113, 265),
(2503, '呈贡区', 530114, 265),
(2504, '晋宁区', 530115, 265),
(2505, '富民县', 530124, 265),
(2506, '宜良县', 530125, 265),
(2507, '石林彝族自治县', 530126, 265),
(2508, '嵩明县', 530127, 265),
(2509, '禄劝彝族苗族自治县', 530128, 265),
(2510, '寻甸回族彝族自治县', 530129, 265),
(2511, '安宁市', 530181, 265),
(2512, '曲靖市市辖区', 530301, 266),
(2513, '麒麟区', 530302, 266),
(2514, '沾益区', 530303, 266),
(2515, '马龙区', 530304, 266),
(2516, '陆良县', 530322, 266),
(2517, '师宗县', 530323, 266),
(2518, '罗平县', 530324, 266),
(2519, '富源县', 530325, 266),
(2520, '会泽县', 530326, 266),
(2521, '宣威市', 530381, 266),
(2522, '玉溪市市辖区', 530401, 267),
(2523, '红塔区', 530402, 267),
(2524, '江川区', 530403, 267),
(2525, '澄江市', 530481, 267),
(2526, '通海县', 530423, 267),
(2527, '华宁县', 530424, 267),
(2528, '易门县', 530425, 267),
(2529, '峨山彝族自治县', 530426, 267),
(2530, '新平彝族傣族自治县', 530427, 267),
(2531, '元江哈尼族彝族傣族自治县', 530428, 267),
(2532, '保山市市辖区', 530501, 268),
(2533, '隆阳区', 530502, 268),
(2534, '施甸县', 530521, 268),
(2535, '龙陵县', 530523, 268),
(2536, '昌宁县', 530524, 268),
(2537, '腾冲市', 530581, 268),
(2538, '昭通市市辖区', 530601, 269),
(2539, '昭阳区', 530602, 269),
(2540, '鲁甸县', 530621, 269),
(2541, '巧家县', 530622, 269),
(2542, '盐津县', 530623, 269),
(2543, '大关县', 530624, 269),
(2544, '永善县', 530625, 269),
(2545, '绥江县', 530626, 269),
(2546, '镇雄县', 530627, 269),
(2547, '彝良县', 530628, 269),
(2548, '威信县', 530629, 269),
(2549, '水富市', 530681, 269),
(2550, '丽江市市辖区', 530701, 270),
(2551, '古城区', 530702, 270),
(2552, '玉龙纳西族自治县', 530721, 270),
(2553, '永胜县', 530722, 270),
(2554, '华坪县', 530723, 270),
(2555, '宁蒗彝族自治县', 530724, 270),
(2556, '普洱市市辖区', 530801, 271),
(2557, '思茅区', 530802, 271),
(2558, '宁洱哈尼族彝族自治县', 530821, 271),
(2559, '墨江哈尼族自治县', 530822, 271),
(2560, '景东彝族自治县', 530823, 271),
(2561, '景谷傣族彝族自治县', 530824, 271),
(2562, '镇沅彝族哈尼族拉祜族自治县', 530825, 271),
(2563, '江城哈尼族彝族自治县', 530826, 271),
(2564, '孟连傣族拉祜族佤族自治县', 530827, 271),
(2565, '澜沧拉祜族自治县', 530828, 271),
(2566, '西盟佤族自治县', 530829, 271),
(2567, '临沧市市辖区', 530901, 272),
(2568, '临翔区', 530902, 272),
(2569, '凤庆县', 530921, 272),
(2570, '云县', 530922, 272),
(2571, '永德县', 530923, 272),
(2572, '镇康县', 530924, 272),
(2573, '双江拉祜族佤族布朗族傣族自治县', 530925, 272),
(2574, '耿马傣族佤族自治县', 530926, 272),
(2575, '沧源佤族自治县', 530927, 272),
(2576, '楚雄市', 532301, 273),
(2577, '双柏县', 532322, 273),
(2578, '牟定县', 532323, 273),
(2579, '南华县', 532324, 273),
(2580, '姚安县', 532325, 273),
(2581, '大姚县', 532326, 273),
(2582, '永仁县', 532327, 273),
(2583, '元谋县', 532328, 273),
(2584, '武定县', 532329, 273),
(2585, '禄丰县', 532331, 273),
(2586, '个旧市', 532501, 274),
(2587, '开远市', 532502, 274),
(2588, '蒙自市', 532503, 274),
(2589, '弥勒市', 532504, 274),
(2590, '屏边苗族自治县', 532523, 274),
(2591, '建水县', 532524, 274),
(2592, '石屏县', 532525, 274),
(2593, '泸西县', 532527, 274),
(2594, '元阳县', 532528, 274),
(2595, '红河县', 532529, 274),
(2596, '金平苗族瑶族傣族自治县', 532530, 274),
(2597, '绿春县', 532531, 274),
(2598, '河口瑶族自治县', 532532, 274),
(2599, '文山市', 532601, 275),
(2600, '砚山县', 532622, 275),
(2601, '西畴县', 532623, 275),
(2602, '麻栗坡县', 532624, 275),
(2603, '马关县', 532625, 275),
(2604, '丘北县', 532626, 275),
(2605, '广南县', 532627, 275),
(2606, '富宁县', 532628, 275),
(2607, '景洪市', 532801, 276),
(2608, '勐海县', 532822, 276),
(2609, '勐腊县', 532823, 276),
(2610, '大理市', 532901, 277),
(2611, '漾濞彝族自治县', 532922, 277),
(2612, '祥云县', 532923, 277),
(2613, '宾川县', 532924, 277),
(2614, '弥渡县', 532925, 277),
(2615, '南涧彝族自治县', 532926, 277),
(2616, '巍山彝族回族自治县', 532927, 277),
(2617, '永平县', 532928, 277),
(2618, '云龙县', 532929, 277),
(2619, '洱源县', 532930, 277),
(2620, '剑川县', 532931, 277),
(2621, '鹤庆县', 532932, 277),
(2622, '瑞丽市', 533102, 278),
(2623, '芒市', 533103, 278),
(2624, '梁河县', 533122, 278),
(2625, '盈江县', 533123, 278),
(2626, '陇川县', 533124, 278),
(2627, '泸水市', 533301, 279),
(2628, '福贡县', 533323, 279),
(2629, '贡山独龙族怒族自治县', 533324, 279),
(2630, '兰坪白族普米族自治县', 533325, 279),
(2631, '香格里拉市', 533401, 280),
(2632, '德钦县', 533422, 280),
(2633, '维西傈僳族自治县', 533423, 280),
(2634, '拉萨市市辖区', 540101, 281),
(2635, '城关区', 540102, 281),
(2636, '堆龙德庆区', 540103, 281),
(2637, '达孜区', 540104, 281),
(2638, '林周县', 540121, 281),
(2639, '当雄县', 540122, 281),
(2640, '尼木县', 540123, 281),
(2641, '曲水县', 540124, 281),
(2642, '墨竹工卡县', 540127, 281),
(2643, '桑珠孜区', 540202, 282),
(2644, '南木林县', 540221, 282),
(2645, '江孜县', 540222, 282),
(2646, '定日县', 540223, 282),
(2647, '萨迦县', 540224, 282),
(2648, '拉孜县', 540225, 282),
(2649, '昂仁县', 540226, 282),
(2650, '谢通门县', 540227, 282),
(2651, '白朗县', 540228, 282),
(2652, '仁布县', 540229, 282),
(2653, '康马县', 540230, 282),
(2654, '定结县', 540231, 282),
(2655, '仲巴县', 540232, 282),
(2656, '亚东县', 540233, 282),
(2657, '吉隆县', 540234, 282),
(2658, '聂拉木县', 540235, 282),
(2659, '萨嘎县', 540236, 282),
(2660, '岗巴县', 540237, 282),
(2661, '卡若区', 540302, 283),
(2662, '江达县', 540321, 283),
(2663, '贡觉县', 540322, 283),
(2664, '类乌齐县', 540323, 283),
(2665, '丁青县', 540324, 283),
(2666, '察雅县', 540325, 283),
(2667, '八宿县', 540326, 283),
(2668, '左贡县', 540327, 283),
(2669, '芒康县', 540328, 283),
(2670, '洛隆县', 540329, 283),
(2671, '边坝县', 540330, 283),
(2672, '巴宜区', 540402, 284),
(2673, '工布江达县', 540421, 284),
(2674, '米林县', 540422, 284),
(2675, '墨脱县', 540423, 284),
(2676, '波密县', 540424, 284),
(2677, '察隅县', 540425, 284),
(2678, '朗县', 540426, 284),
(2679, '乃东区', 540502, 285),
(2680, '扎囊县', 540521, 285),
(2681, '贡嘎县', 540522, 285),
(2682, '桑日县', 540523, 285),
(2683, '琼结县', 540524, 285),
(2684, '曲松县', 540525, 285),
(2685, '措美县', 540526, 285),
(2686, '洛扎县', 540527, 285),
(2687, '加查县', 540528, 285),
(2688, '隆子县', 540529, 285),
(2689, '错那县', 540530, 285),
(2690, '浪卡子县', 540531, 285),
(2691, '色尼区', 540602, 286),
(2692, '嘉黎县', 540621, 286),
(2693, '比如县', 540622, 286),
(2694, '聂荣县', 540623, 286),
(2695, '安多县', 540624, 286),
(2696, '申扎县', 540625, 286),
(2697, '索县', 540626, 286),
(2698, '班戈县', 540627, 286),
(2699, '巴青县', 540628, 286),
(2700, '尼玛县', 540629, 286),
(2701, '双湖县', 540630, 286),
(2702, '普兰县', 542521, 287),
(2703, '札达县', 542522, 287),
(2704, '噶尔县', 542523, 287),
(2705, '日土县', 542524, 287),
(2706, '革吉县', 542525, 287),
(2707, '改则县', 542526, 287),
(2708, '措勤县', 542527, 287),
(2709, '西安市市辖区', 610101, 288),
(2710, '新城区', 610102, 288),
(2711, '碑林区', 610103, 288),
(2712, '莲湖区', 610104, 288),
(2713, '灞桥区', 610111, 288),
(2714, '未央区', 610112, 288),
(2715, '雁塔区', 610113, 288),
(2716, '阎良区', 610114, 288),
(2717, '临潼区', 610115, 288),
(2718, '长安区', 610116, 288),
(2719, '高陵区', 610117, 288),
(2720, '鄠邑区', 610118, 288),
(2721, '蓝田县', 610122, 288),
(2722, '周至县', 610124, 288),
(2723, '铜川市市辖区', 610201, 289),
(2724, '王益区', 610202, 289),
(2725, '印台区', 610203, 289),
(2726, '耀州区', 610204, 289),
(2727, '宜君县', 610222, 289),
(2728, '宝鸡市市辖区', 610301, 290),
(2729, '渭滨区', 610302, 290),
(2730, '金台区', 610303, 290),
(2731, '陈仓区', 610304, 290),
(2732, '凤翔县', 610322, 290),
(2733, '岐山县', 610323, 290),
(2734, '扶风县', 610324, 290),
(2735, '眉县', 610326, 290),
(2736, '陇县', 610327, 290),
(2737, '千阳县', 610328, 290),
(2738, '麟游县', 610329, 290),
(2739, '凤县', 610330, 290),
(2740, '太白县', 610331, 290),
(2741, '咸阳市市辖区', 610401, 291),
(2742, '秦都区', 610402, 291),
(2743, '杨陵区', 610403, 291),
(2744, '渭城区', 610404, 291),
(2745, '三原县', 610422, 291),
(2746, '泾阳县', 610423, 291),
(2747, '乾县', 610424, 291),
(2748, '礼泉县', 610425, 291),
(2749, '永寿县', 610426, 291),
(2750, '彬州市', 610482, 291),
(2751, '长武县', 610428, 291),
(2752, '旬邑县', 610429, 291),
(2753, '淳化县', 610430, 291),
(2754, '武功县', 610431, 291),
(2755, '兴平市', 610481, 291),
(2756, '渭南市市辖区', 610501, 292),
(2757, '临渭区', 610502, 292),
(2758, '华州区', 610503, 292),
(2759, '潼关县', 610522, 292),
(2760, '大荔县', 610523, 292),
(2761, '合阳县', 610524, 292),
(2762, '澄城县', 610525, 292),
(2763, '蒲城县', 610526, 292),
(2764, '白水县', 610527, 292),
(2765, '富平县', 610528, 292),
(2766, '韩城市', 610581, 292),
(2767, '华阴市', 610582, 292),
(2768, '延安市市辖区', 610601, 293),
(2769, '宝塔区', 610602, 293),
(2770, '安塞区', 610603, 293),
(2771, '延长县', 610621, 293),
(2772, '延川县', 610622, 293),
(2773, '子长市', 610681, 293),
(2774, '志丹县', 610625, 293),
(2775, '吴起县', 610626, 293),
(2776, '甘泉县', 610627, 293),
(2777, '富县', 610628, 293),
(2778, '洛川县', 610629, 293),
(2779, '宜川县', 610630, 293),
(2780, '黄龙县', 610631, 293),
(2781, '黄陵县', 610632, 293),
(2782, '汉中市市辖区', 610701, 294),
(2783, '汉台区', 610702, 294),
(2784, '南郑区', 610703, 294),
(2785, '城固县', 610722, 294),
(2786, '洋县', 610723, 294),
(2787, '西乡县', 610724, 294),
(2788, '勉县', 610725, 294),
(2789, '宁强县', 610726, 294),
(2790, '略阳县', 610727, 294),
(2791, '镇巴县', 610728, 294),
(2792, '留坝县', 610729, 294),
(2793, '佛坪县', 610730, 294),
(2794, '榆林市市辖区', 610801, 295),
(2795, '榆阳区', 610802, 295),
(2796, '横山区', 610803, 295),
(2797, '府谷县', 610822, 295),
(2798, '靖边县', 610824, 295),
(2799, '定边县', 610825, 295),
(2800, '绥德县', 610826, 295),
(2801, '米脂县', 610827, 295),
(2802, '佳县', 610828, 295),
(2803, '吴堡县', 610829, 295),
(2804, '清涧县', 610830, 295),
(2805, '子洲县', 610831, 295),
(2806, '神木市', 610881, 295),
(2807, '安康市市辖区', 610901, 296),
(2808, '汉滨区', 610902, 296),
(2809, '汉阴县', 610921, 296),
(2810, '石泉县', 610922, 296),
(2811, '宁陕县', 610923, 296),
(2812, '紫阳县', 610924, 296),
(2813, '岚皋县', 610925, 296),
(2814, '平利县', 610926, 296),
(2815, '镇坪县', 610927, 296),
(2816, '旬阳县', 610928, 296),
(2817, '白河县', 610929, 296),
(2818, '商洛市市辖区', 611001, 297),
(2819, '商州区', 611002, 297),
(2820, '洛南县', 611021, 297),
(2821, '丹凤县', 611022, 297),
(2822, '商南县', 611023, 297),
(2823, '山阳县', 611024, 297),
(2824, '镇安县', 611025, 297),
(2825, '柞水县', 611026, 297),
(2826, '兰州市市辖区', 620101, 298),
(2827, '城关区', 620102, 298),
(2828, '七里河区', 620103, 298),
(2829, '西固区', 620104, 298),
(2830, '安宁区', 620105, 298),
(2831, '红古区', 620111, 298),
(2832, '永登县', 620121, 298),
(2833, '皋兰县', 620122, 298),
(2834, '榆中县', 620123, 298),
(2835, '嘉峪关市市辖区', 620201, 299),
(2836, '金昌市市辖区', 620301, 300),
(2837, '金川区', 620302, 300),
(2838, '永昌县', 620321, 300),
(2839, '白银市市辖区', 620401, 301),
(2840, '白银区', 620402, 301),
(2841, '平川区', 620403, 301),
(2842, '靖远县', 620421, 301),
(2843, '会宁县', 620422, 301),
(2844, '景泰县', 620423, 301),
(2845, '天水市市辖区', 620501, 302),
(2846, '秦州区', 620502, 302),
(2847, '麦积区', 620503, 302),
(2848, '清水县', 620521, 302),
(2849, '秦安县', 620522, 302),
(2850, '甘谷县', 620523, 302),
(2851, '武山县', 620524, 302),
(2852, '张家川回族自治县', 620525, 302),
(2853, '武威市市辖区', 620601, 303),
(2854, '凉州区', 620602, 303),
(2855, '民勤县', 620621, 303),
(2856, '古浪县', 620622, 303),
(2857, '天祝藏族自治县', 620623, 303),
(2858, '张掖市市辖区', 620701, 304),
(2859, '甘州区', 620702, 304),
(2860, '肃南裕固族自治县', 620721, 304),
(2861, '民乐县', 620722, 304),
(2862, '临泽县', 620723, 304),
(2863, '高台县', 620724, 304),
(2864, '山丹县', 620725, 304),
(2865, '平凉市市辖区', 620801, 305),
(2866, '崆峒区', 620802, 305),
(2867, '泾川县', 620821, 305),
(2868, '灵台县', 620822, 305),
(2869, '崇信县', 620823, 305),
(2870, '华亭市', 620881, 305),
(2871, '庄浪县', 620825, 305),
(2872, '静宁县', 620826, 305),
(2873, '酒泉市市辖区', 620901, 306),
(2874, '肃州区', 620902, 306),
(2875, '金塔县', 620921, 306),
(2876, '瓜州县', 620922, 306),
(2877, '肃北蒙古族自治县', 620923, 306),
(2878, '阿克塞哈萨克族自治县', 620924, 306),
(2879, '玉门市', 620981, 306),
(2880, '敦煌市', 620982, 306),
(2881, '庆阳市市辖区', 621001, 307),
(2882, '西峰区', 621002, 307),
(2883, '庆城县', 621021, 307),
(2884, '环县', 621022, 307),
(2885, '华池县', 621023, 307),
(2886, '合水县', 621024, 307),
(2887, '正宁县', 621025, 307),
(2888, '宁县', 621026, 307),
(2889, '镇原县', 621027, 307),
(2890, '定西市市辖区', 621101, 308),
(2891, '安定区', 621102, 308),
(2892, '通渭县', 621121, 308),
(2893, '陇西县', 621122, 308),
(2894, '渭源县', 621123, 308),
(2895, '临洮县', 621124, 308),
(2896, '漳县', 621125, 308),
(2897, '岷县', 621126, 308),
(2898, '陇南市市辖区', 621201, 309),
(2899, '武都区', 621202, 309),
(2900, '成县', 621221, 309),
(2901, '文县', 621222, 309),
(2902, '宕昌县', 621223, 309),
(2903, '康县', 621224, 309),
(2904, '西和县', 621225, 309),
(2905, '礼县', 621226, 309),
(2906, '徽县', 621227, 309),
(2907, '两当县', 621228, 309),
(2908, '临夏市', 622901, 310),
(2909, '临夏县', 622921, 310),
(2910, '康乐县', 622922, 310),
(2911, '永靖县', 622923, 310),
(2912, '广河县', 622924, 310),
(2913, '和政县', 622925, 310),
(2914, '东乡族自治县', 622926, 310),
(2915, '积石山保安族东乡族撒拉族自治县', 622927, 310),
(2916, '合作市', 623001, 311),
(2917, '临潭县', 623021, 311),
(2918, '卓尼县', 623022, 311),
(2919, '舟曲县', 623023, 311),
(2920, '迭部县', 623024, 311),
(2921, '玛曲县', 623025, 311),
(2922, '碌曲县', 623026, 311),
(2923, '夏河县', 623027, 311),
(2924, '西宁市市辖区', 630101, 312),
(2925, '城东区', 630102, 312),
(2926, '城中区', 630103, 312),
(2927, '城西区', 630104, 312),
(2928, '城北区', 630105, 312),
(2929, '大通回族土族自治县', 630121, 312),
(2930, '湟中区', 630106, 312),
(2931, '湟源县', 630123, 312),
(2932, '乐都区', 630202, 313),
(2933, '平安区', 630203, 313),
(2934, '民和回族土族自治县', 630222, 313),
(2935, '互助土族自治县', 630223, 313),
(2936, '化隆回族自治县', 630224, 313),
(2937, '循化撒拉族自治县', 630225, 313),
(2938, '门源回族自治县', 632221, 314),
(2939, '祁连县', 632222, 314),
(2940, '海晏县', 632223, 314),
(2941, '刚察县', 632224, 314),
(2942, '同仁市', 632301, 315),
(2943, '尖扎县', 632322, 315),
(2944, '泽库县', 632323, 315),
(2945, '河南蒙古族自治县', 632324, 315),
(2946, '共和县', 632521, 316),
(2947, '同德县', 632522, 316),
(2948, '贵德县', 632523, 316),
(2949, '兴海县', 632524, 316),
(2950, '贵南县', 632525, 316),
(2951, '玛沁县', 632621, 317),
(2952, '班玛县', 632622, 317),
(2953, '甘德县', 632623, 317),
(2954, '达日县', 632624, 317),
(2955, '久治县', 632625, 317),
(2956, '玛多县', 632626, 317),
(2957, '玉树市', 632701, 318),
(2958, '杂多县', 632722, 318),
(2959, '称多县', 632723, 318),
(2960, '治多县', 632724, 318),
(2961, '囊谦县', 632725, 318),
(2962, '曲麻莱县', 632726, 318),
(2963, '格尔木市', 632801, 319),
(2964, '德令哈市', 632802, 319),
(2965, '茫崖市', 632803, 319),
(2966, '乌兰县', 632821, 319),
(2967, '都兰县', 632822, 319),
(2968, '天峻县', 632823, 319),
(2969, '海西蒙古族藏族自治州直辖', 632825, 319),
(2970, '银川市市辖区', 640101, 320),
(2971, '兴庆区', 640104, 320),
(2972, '西夏区', 640105, 320),
(2973, '金凤区', 640106, 320),
(2974, '永宁县', 640121, 320),
(2975, '贺兰县', 640122, 320),
(2976, '灵武市', 640181, 320),
(2977, '石嘴山市市辖区', 640201, 321),
(2978, '大武口区', 640202, 321),
(2979, '惠农区', 640205, 321),
(2980, '平罗县', 640221, 321),
(2981, '吴忠市市辖区', 640301, 322),
(2982, '利通区', 640302, 322),
(2983, '红寺堡区', 640303, 322),
(2984, '盐池县', 640323, 322),
(2985, '同心县', 640324, 322),
(2986, '青铜峡市', 640381, 322),
(2987, '固原市市辖区', 640401, 323),
(2988, '原州区', 640402, 323),
(2989, '西吉县', 640422, 323),
(2990, '隆德县', 640423, 323),
(2991, '泾源县', 640424, 323),
(2992, '彭阳县', 640425, 323),
(2993, '中卫市市辖区', 640501, 324),
(2994, '沙坡头区', 640502, 324),
(2995, '中宁县', 640521, 324),
(2996, '海原县', 640522, 324),
(2997, '乌鲁木齐市市辖区', 650101, 325),
(2998, '天山区', 650102, 325),
(2999, '沙依巴克区', 650103, 325),
(3000, '新市区', 650104, 325),
(3001, '水磨沟区', 650105, 325),
(3002, '头屯河区', 650106, 325),
(3003, '达坂城区', 650107, 325),
(3004, '米东区', 650109, 325),
(3005, '乌鲁木齐县', 650121, 325),
(3006, '克拉玛依市市辖区', 650201, 326),
(3007, '独山子区', 650202, 326),
(3008, '克拉玛依区', 650203, 326),
(3009, '白碱滩区', 650204, 326),
(3010, '乌尔禾区', 650205, 326),
(3011, '高昌区', 650402, 327),
(3012, '鄯善县', 650421, 327),
(3013, '托克逊县', 650422, 327),
(3014, '伊州区', 650502, 328),
(3015, '巴里坤哈萨克自治县', 650521, 328),
(3016, '伊吾县', 650522, 328),
(3017, '昌吉市', 652301, 329),
(3018, '阜康市', 652302, 329),
(3019, '呼图壁县', 652323, 329),
(3020, '玛纳斯县', 652324, 329),
(3021, '奇台县', 652325, 329),
(3022, '吉木萨尔县', 652327, 329),
(3023, '木垒哈萨克自治县', 652328, 329),
(3024, '博乐市', 652701, 330),
(3025, '阿拉山口市', 652702, 330),
(3026, '精河县', 652722, 330),
(3027, '温泉县', 652723, 330),
(3028, '库尔勒市', 652801, 331),
(3029, '轮台县', 652822, 331),
(3030, '尉犁县', 652823, 331),
(3031, '若羌县', 652824, 331),
(3032, '且末县', 652825, 331),
(3033, '焉耆回族自治县', 652826, 331),
(3034, '和静县', 652827, 331),
(3035, '和硕县', 652828, 331),
(3036, '博湖县', 652829, 331),
(3037, '阿克苏市', 652901, 332),
(3038, '温宿县', 652922, 332),
(3039, '库车市', 652902, 332),
(3040, '沙雅县', 652924, 332),
(3041, '新和县', 652925, 332),
(3042, '拜城县', 652926, 332),
(3043, '乌什县', 652927, 332),
(3044, '阿瓦提县', 652928, 332),
(3045, '柯坪县', 652929, 332),
(3046, '阿图什市', 653001, 333),
(3047, '阿克陶县', 653022, 333),
(3048, '阿合奇县', 653023, 333),
(3049, '乌恰县', 653024, 333),
(3050, '喀什市', 653101, 334),
(3051, '疏附县', 653121, 334),
(3052, '疏勒县', 653122, 334),
(3053, '英吉沙县', 653123, 334),
(3054, '泽普县', 653124, 334),
(3055, '莎车县', 653125, 334),
(3056, '叶城县', 653126, 334),
(3057, '麦盖提县', 653127, 334),
(3058, '岳普湖县', 653128, 334),
(3059, '伽师县', 653129, 334),
(3060, '巴楚县', 653130, 334),
(3061, '塔什库尔干塔吉克自治县', 653131, 334),
(3062, '和田市', 653201, 335),
(3063, '和田县', 653221, 335),
(3064, '墨玉县', 653222, 335),
(3065, '皮山县', 653223, 335),
(3066, '洛浦县', 653224, 335),
(3067, '策勒县', 653225, 335),
(3068, '于田县', 653226, 335),
(3069, '民丰县', 653227, 335),
(3070, '伊宁市', 654002, 336),
(3071, '奎屯市', 654003, 336),
(3072, '霍尔果斯市', 654004, 336),
(3073, '伊宁县', 654021, 336),
(3074, '察布查尔锡伯自治县', 654022, 336),
(3075, '霍城县', 654023, 336),
(3076, '巩留县', 654024, 336),
(3077, '新源县', 654025, 336),
(3078, '昭苏县', 654026, 336),
(3079, '特克斯县', 654027, 336),
(3080, '尼勒克县', 654028, 336),
(3081, '塔城市', 654201, 337),
(3082, '乌苏市', 654202, 337),
(3083, '额敏县', 654221, 337),
(3084, '沙湾县', 654223, 337),
(3085, '托里县', 654224, 337),
(3086, '裕民县', 654225, 337),
(3087, '和布克赛尔蒙古自治县', 654226, 337),
(3088, '阿勒泰市', 654301, 338),
(3089, '布尔津县', 654321, 338),
(3090, '富蕴县', 654322, 338),
(3091, '福海县', 654323, 338),
(3092, '哈巴河县', 654324, 338),
(3093, '青河县', 654325, 338),
(3094, '吉木乃县', 654326, 338);

-- --------------------------------------------------------

--
-- 表的结构 `hotwords`
--

CREATE TABLE `hotwords` (
  `name` text NOT NULL,
  `value` int(11) NOT NULL
) ENGINE=InnoDB DEFAULT CHARSET=utf8mb4;

--
-- 转存表中的数据 `hotwords`
--

INSERT INTO `hotwords` (`name`, `value`) VALUES
('iPhone', 2000),
('手机', 8000),
('键盘', 2560),
('耳机', 5000),
('运动鞋', 10000),
('李宁', 7100),
('安踏', 7100),
('无线耳机', 6000),
('抽纸', 3600),
('洗衣液', 4800),
('游戏键盘', 5000),
('零食', 2600),
('nike', 2300),
('nike', 2300);

-- --------------------------------------------------------

--
-- 表的结构 `mapsales`
--

CREATE TABLE `mapsales` (
  `name` text NOT NULL,
  `lng` text NOT NULL,
  `lat` text NOT NULL,
  `value` text NOT NULL
) ENGINE=InnoDB DEFAULT CHARSET=utf8mb4;

--
-- 转存表中的数据 `mapsales`
--

INSERT INTO `mapsales` (`name`, `lng`, `lat`, `value`) VALUES
('山东', '117.000923\r\n', '36.675807\r\n', '2000'),
('河北', '114.502461\r\n', '38.045474\r\n', '1000'),
('安徽', '117.283042\r\n', '31.86119\r\n', '3000'),
('陕西', '108.948024\r\n', '34.263161\r\n', '3000'),
('江苏', '118.767413\r\n\r\n', '32.041544', '5000'),
('山东', '117.000923\r\n', '36.675807\r\n', '2000'),
('河北', '114.502461\r\n', '38.045474\r\n', '1000'),
('安徽', '117.283042\r\n', '31.86119\r\n', '3000'),
('陕西', '108.948024\r\n', '34.263161\r\n', '3000'),
('江苏', '118.767413\r\n\r\n', '32.041544', '5000');

-- --------------------------------------------------------

--
-- 表的结构 `menu`
--

CREATE TABLE `menu` (
  `id` int(11) NOT NULL,
  `pid` int(11) NOT NULL,
  `name` text COLLATE utf8_unicode_ci NOT NULL,
  `linkUrl` text COLLATE utf8_unicode_ci NOT NULL,
  `openType` text COLLATE utf8_unicode_ci NOT NULL,
  `isOfAdmin` int(11) NOT NULL,
  `icon` text COLLATE utf8_unicode_ci NOT NULL
) ENGINE=MyISAM DEFAULT CHARSET=utf8 COLLATE=utf8_unicode_ci;

--
-- 转存表中的数据 `menu`
--

INSERT INTO `menu` (`id`, `pid`, `name`, `linkUrl`, `openType`, `isOfAdmin`, `icon`) VALUES
(1, -1, '系统设置', '/', '1', 1, 'SettingOutlined'),
(2, 1, '菜单管理', '/setting/menu', '1', 1, 'MenuOutlined'),
(3, 1, '用户管理', '/setting/user', '1', 1, 'UserOutlined'),
(4, -1, '测试菜单', '/', '1', 2, 'AimOutlined'),
(5, -1, '业务管理', '/', '1', 2, 'AimOutlined'),
(6, 5, '商品管理', '/business/product', '1', 2, 'AppstoreOutlined'),
(7, 5, '业务概览', '/business/overview', '1', 2, 'EyeOutlined');

-- --------------------------------------------------------

--
-- 表的结构 `product`
--

CREATE TABLE `product` (
  `id` int(11) NOT NULL,
  `name` text COLLATE utf8_unicode_ci NOT NULL,
  `type` text COLLATE utf8_unicode_ci NOT NULL,
  `attrs` text COLLATE utf8_unicode_ci NOT NULL,
  `mainPic` text COLLATE utf8_unicode_ci,
  `morePic` text COLLATE utf8_unicode_ci,
  `isOfShelf` text COLLATE utf8_unicode_ci NOT NULL,
  `price` text COLLATE utf8_unicode_ci,
  `descs` text COLLATE utf8_unicode_ci NOT NULL
) ENGINE=MyISAM DEFAULT CHARSET=utf8 COLLATE=utf8_unicode_ci;

--
-- 转存表中的数据 `product`
--

INSERT INTO `product` (`id`, `name`, `type`, `attrs`, `mainPic`, `morePic`, `isOfShelf`, `price`, `descs`) VALUES
(2, '帅哥', '5', '[{\"key\":\"184cm\",\"value\":\"身高\"},{\"key\":\"74kg\",\"value\":\"体重\"}]', '\\upload\\1744204169170-20160307094110_GafPQ.thumb.400_0.jpeg', '\\upload\\1744204172148-20160307094110_GafPQ.thumb.400_0.jpeg,\\upload\\1744204175423-20161107174149_hrdjx.thumb.400_0.jpeg', '1', '25', '<p>帅哥，非常帅<img src=\"/picture\\upload\\1744204202488-20161107174149_hrdjx.thumb.400_0.jpeg\" contenteditable=\"false\" style=\"font-size: 14px; max-width: 100%;\"/></p>'),
(3, '手机', '4', '[{\"key\":\"手机\",\"value\":\"假苹果\"},{\"key\":\"版本\",\"value\":\"安卓\"}]', '\\upload\\1744209703346-f944a885b3d23738.jpg', '\\upload\\1744209706935-f944a885b3d23738.jpg', '1', '5999', '<p>假的苹果手机，不要买</p>'),
(4, '作业', '0', '[{\"key\":\"类型\",\"value\":\"纸质\"}]', '\\upload\\1744261740931-å¾®ä¿¡å¾ç_20250401213835.jpg', '\\upload\\1744261770303-å¾®ä¿¡å¾ç_20250401213835.jpg', '0', NULL, '<p>一张作业纸</p>'),
(5, '花', '3', '[{\"key\":\"颜色\",\"value\":\"黄\"},{\"key\":\"发货\",\"value\":\"有\"}]', '\\upload\\1744261834883-1351a2db6d7ca26c.jpg', '\\upload\\1744261837708-1351a2db6d7ca26c.jpg,\\upload\\1744261842245-7dbff47ecf7b1feb.jpg', '1', '58', '<p>鲜艳的花花</p>'),
(6, '机器', '2', '[{\"key\":\"颜色\",\"value\":\"白色\"},{\"key\":\"大小\",\"value\":\"适中\"}]', '\\upload\\1744268428426-2d9958b25e62abfd.jpg', '\\upload\\1744268434524-2d9958b25e62abfd.jpg,\\upload\\1744268437486-7dbff47ecf7b1feb.jpg', '1', '1000', '<p>好机器</p>');

-- --------------------------------------------------------

--
-- 表的结构 `producttypesales`
--

CREATE TABLE `producttypesales` (
  `name` text NOT NULL,
  `value` int(11) NOT NULL
) ENGINE=InnoDB DEFAULT CHARSET=utf8mb4;

--
-- 转存表中的数据 `producttypesales`
--

INSERT INTO `producttypesales` (`name`, `value`) VALUES
('图书', 100000),
('数码', 300000),
('服装', 80000),
('电器', 500000),
('家具', 600000),
('食品', 100000),
('图书', 100000),
('数码', 300000),
('服装', 80000),
('电器', 500000),
('家具', 600000),
('食品', 100000);

-- --------------------------------------------------------

--
-- 表的结构 `province`
--

CREATE TABLE `province` (
  `id` int(11) NOT NULL,
  `province_name` varchar(255) COLLATE utf8_unicode_ci DEFAULT NULL COMMENT '省份名称',
  `adcode` int(11) DEFAULT NULL COMMENT '省份编码（前2位为省编码，如110000）',
  `children_has_children` int(11) NOT NULL DEFAULT '1'
) ENGINE=MyISAM DEFAULT CHARSET=utf8 COLLATE=utf8_unicode_ci;

--
-- 转存表中的数据 `province`
--

INSERT INTO `province` (`id`, `province_name`, `adcode`, `children_has_children`) VALUES
(1, '北京市', 110000, 1),
(2, '天津市', 120000, 1),
(3, '河北省', 130000, 1),
(4, '山西省', 140000, 1),
(5, '内蒙古自治区', 150000, 1),
(6, '辽宁省', 210000, 1),
(7, '吉林省', 220000, 1),
(8, '黑龙江省', 230000, 1),
(9, '上海市', 310000, 1),
(10, '江苏省', 320000, 1),
(11, '浙江省', 330000, 1),
(12, '安徽省', 340000, 1),
(13, '福建省', 350000, 1),
(14, '江西省', 360000, 1),
(15, '山东省', 370000, 1),
(16, '河南省', 410000, 1),
(17, '湖北省', 420000, 1),
(18, '湖南省', 430000, 1),
(19, '广东省', 440000, 1),
(20, '广西壮族自治区', 450000, 1),
(21, '海南省', 460000, 1),
(22, '重庆市', 500000, 1),
(23, '四川省', 510000, 1),
(24, '贵州省', 520000, 1),
(25, '云南省', 530000, 1),
(26, '西藏自治区', 540000, 1),
(27, '陕西省', 610000, 1),
(28, '甘肃省', 620000, 1),
(29, '青海省', 630000, 1),
(30, '宁夏回族自治区', 640000, 1),
(31, '新疆维吾尔自治区', 650000, 1),
(32, '台湾省', 710000, 1),
(33, '香港特别行政区', 810000, 1),
(34, '澳门特别行政区', 820000, 1),
(35, '外国', 900000, 1);

-- --------------------------------------------------------

--
-- 表的结构 `salestop10`
--

CREATE TABLE `salestop10` (
  `name` text NOT NULL,
  `value` int(11) NOT NULL
) ENGINE=InnoDB DEFAULT CHARSET=utf8mb4;

--
-- 转存表中的数据 `salestop10`
--

INSERT INTO `salestop10` (`name`, `value`) VALUES
('百草味', 1000),
('维达', 1000),
('键盘', 2000),
('电脑', 2000),
('手机', 3000),
('化妆品', 4000),
('短靴', 5000),
('羊绒大衣', 6000),
('耳机', 8000),
('纸巾', 10000),
('百草味', 1000),
('维达', 1000),
('键盘', 2000),
('电脑', 2000),
('手机', 3000),
('化妆品', 4000),
('短靴', 5000),
('羊绒大衣', 6000),
('耳机', 8000),
('纸巾', 10000);

-- --------------------------------------------------------

--
-- 表的结构 `salestrend`
--

CREATE TABLE `salestrend` (
  `name` text NOT NULL,
  `value` int(11) NOT NULL,
  `type` text NOT NULL
) ENGINE=InnoDB DEFAULT CHARSET=utf8mb4;

--
-- 转存表中的数据 `salestrend`
--

INSERT INTO `salestrend` (`name`, `value`, `type`) VALUES
('01-01', 1000, '1'),
('01-02', 2000, '1'),
('01-03', 2600, '1'),
('01-04', 3000, '1'),
('01-05', 4100, '1'),
('01-06', 4500, '1'),
('01-07', 5100, '1'),
('01-01', 10000, '2'),
('01-02', 13000, '2'),
('01-03', 18000, '2'),
('01-04', 16000, '2'),
('01-05', 20000, '2'),
('01-06', 26000, '2'),
('01-07', 36000, '2');

-- --------------------------------------------------------

--
-- 表的结构 `statistics`
--

CREATE TABLE `statistics` (
  `totalTurnover` int(11) NOT NULL,
  `turnoverGrowth` text NOT NULL,
  `totalQuantity` int(11) NOT NULL,
  `quantityGrowth` text NOT NULL,
  `totalVisited` int(11) NOT NULL,
  `visitedGrowth` text NOT NULL,
  `totalStars` int(11) NOT NULL,
  `startsGrowth` text NOT NULL
) ENGINE=InnoDB DEFAULT CHARSET=utf8mb4;

--
-- 转存表中的数据 `statistics`
--

INSERT INTO `statistics` (`totalTurnover`, `turnoverGrowth`, `totalQuantity`, `quantityGrowth`, `totalVisited`, `visitedGrowth`, `totalStars`, `startsGrowth`) VALUES
(180000, '15%', 26000, '10%', 1005623, '20%', 10236, '5%'),
(180000, '15%', 26000, '10%', 1005623, '20%', 10236, '5%');

-- --------------------------------------------------------

--
-- 表的结构 `user`
--

CREATE TABLE `user` (
  `id` int(11) NOT NULL,
  `name` text COLLATE utf8_unicode_ci NOT NULL,
  `account` text COLLATE utf8_unicode_ci NOT NULL,
  `area` text COLLATE utf8_unicode_ci NOT NULL,
  `tel` text COLLATE utf8_unicode_ci NOT NULL,
  `email` text COLLATE utf8_unicode_ci NOT NULL,
  `picture` text COLLATE utf8_unicode_ci,
  `relateMenu` text COLLATE utf8_unicode_ci,
  `password` text COLLATE utf8_unicode_ci NOT NULL
) ENGINE=MyISAM DEFAULT CHARSET=utf8 COLLATE=utf8_unicode_ci;

--
-- 转存表中的数据 `user`
--

INSERT INTO `user` (`id`, `name`, `account`, `area`, `tel`, `email`, `picture`, `relateMenu`, `password`) VALUES
(-1, '超管薛皓天', '1169740905', '', '15239771989', '1169740905@qq.com', NULL, NULL, 'xht123456'),
(1, 'user1', 'user1', '天津市,天津市市辖区,河东区', '15663666655', '2020290393@qq.com', '\\upload\\1744181758233-20160307094110_GafPQ.thumb.400_0.jpeg', '4', '&AN4lTGf'),
(3, 'user2', 'user2', '河北省,秦皇岛市,山海关区', '14555555555', '2020290393@qq.com', '\\upload\\1744261686703-20160424163804_GXjPr.thumb.400_0.jpeg', NULL, 'KL!iN+D9'),
(4, 'user3', 'user3', '山西省,长治市,襄垣县', '18777555544', '2338215403@qq.com', '\\upload\\1744261725298-1351a2db6d7ca26c.jpg', NULL, 'hisJ&F64'),
(5, 'user4', 'user4', '福建省,三明市,明溪县', '18555555555', '1169740905@qq.com', '\\upload\\1744262885317-20170101135737_rRTwU.thumb.400_0.jpeg', NULL, '&!hic1Y-');

-- --------------------------------------------------------

--
-- 表的结构 `volumetop10`
--

CREATE TABLE `volumetop10` (
  `name` text NOT NULL,
  `value` int(11) NOT NULL
) ENGINE=InnoDB DEFAULT CHARSET=utf8mb4;

--
-- 转存表中的数据 `volumetop10`
--

INSERT INTO `volumetop10` (`name`, `value`) VALUES
('图书', 200000),
('耳机', 150000),
('键盘', 100000),
('电脑', 98000),
('手机', 90000),
('化妆品', 70000),
('纸巾', 50000),
('运动鞋', 45000),
('大衣', 38000),
('零食', 20000),
('图书', 200000),
('耳机', 150000),
('键盘', 100000),
('电脑', 98000),
('手机', 90000),
('化妆品', 70000),
('纸巾', 50000),
('运动鞋', 45000),
('大衣', 38000),
('零食', 20000);

--
-- 转储表的索引
--

--
-- 表的索引 `city`
--
ALTER TABLE `city`
  ADD PRIMARY KEY (`id`),
  ADD KEY `province_id` (`province_id`);

--
-- 表的索引 `district`
--
ALTER TABLE `district`
  ADD PRIMARY KEY (`id`),
  ADD KEY `city_id` (`city_id`);

--
-- 表的索引 `menu`
--
ALTER TABLE `menu`
  ADD PRIMARY KEY (`id`);

--
-- 表的索引 `product`
--
ALTER TABLE `product`
  ADD PRIMARY KEY (`id`);

--
-- 表的索引 `province`
--
ALTER TABLE `province`
  ADD PRIMARY KEY (`id`);

--
-- 表的索引 `user`
--
ALTER TABLE `user`
  ADD PRIMARY KEY (`id`);

--
-- 在导出的表使用AUTO_INCREMENT
--

--
-- 使用表AUTO_INCREMENT `city`
--
ALTER TABLE `city`
  MODIFY `id` int(11) NOT NULL AUTO_INCREMENT, AUTO_INCREMENT=339;

--
-- 使用表AUTO_INCREMENT `district`
--
ALTER TABLE `district`
  MODIFY `id` int(11) NOT NULL AUTO_INCREMENT, AUTO_INCREMENT=3095;

--
-- 使用表AUTO_INCREMENT `menu`
--
ALTER TABLE `menu`
  MODIFY `id` int(11) NOT NULL AUTO_INCREMENT, AUTO_INCREMENT=8;

--
-- 使用表AUTO_INCREMENT `product`
--
ALTER TABLE `product`
  MODIFY `id` int(11) NOT NULL AUTO_INCREMENT, AUTO_INCREMENT=9;

--
-- 使用表AUTO_INCREMENT `province`
--
ALTER TABLE `province`
  MODIFY `id` int(11) NOT NULL AUTO_INCREMENT, AUTO_INCREMENT=36;

--
-- 使用表AUTO_INCREMENT `user`
--
ALTER TABLE `user`
  MODIFY `id` int(11) NOT NULL AUTO_INCREMENT, AUTO_INCREMENT=6;
COMMIT;

/*!40101 SET CHARACTER_SET_CLIENT=@OLD_CHARACTER_SET_CLIENT */;
/*!40101 SET CHARACTER_SET_RESULTS=@OLD_CHARACTER_SET_RESULTS */;
/*!40101 SET COLLATION_CONNECTION=@OLD_COLLATION_CONNECTION */;
